ALMIRA NO.1,,,,,,
MAKE,MATERIAL DISCRIPTION,TYPE (RATING),SIZE,LOCATION,TOTAL NO,
C&S,HRC FUSE LINK,"32A, gG, 500VAC, 80kA","CDFL00, SIZE:00",1 ALMIRA / 1 RACK,150,
SIEMENS,HRC FUSE LINK (BI FUSE),"32A, gG",3NW NS32,1 ALMIRA / 1 RACK,165,
C&S,HRC FUSE LINK,"32A, gG, 415VAC, 80kA","CSTIA, SIZE:A2",1 ALMIRA / 1 RACK,140,
C&S,HRC FUSE LINK,"2A, F1, gG, 415VAC, 80kA",CNS2,1 ALMIRA / 1 RACK,260,
C&S,HRC FUSE LINK,"2A, 14*51, gG, 415VAC, 80kA",CHF2,1 ALMIRA / 1 RACK,210,
SIEMENS,HRC FUSE LINK (BI FUSE),"4A, gG, 415VAC, 80kA",3NW NS4,1 ALMIRA / 1 RACK,430,
C&S,HRC FUSE LINK,"50A, gG, 500VAC, 80kA","CDFL00, SIZE:00",1 ALMIRA / 2 RACK,171,
C&S,HRC FUSE LINK,"100A, gG, 500VAC, 80kA","CDFL00, SIZE:00",1 ALMIRA / 2 RACK,60,
C&S,HRC FUSE LINK,"500A, gG, 415VAC, 80kA","CDFL3, SIZE 3",1 ALMIRA / 2 RACK,45,
C&S,HRC FUSE LINK,"630A, gG, 415VAC, 80kA","CDFL3, SIZE 3",1 ALMIRA / 3 RACK,41,
SIEMENS,LV HRC FUSE LINK,"63A, NH000 gG, 500VAC, 120kA","3NA7, 822-ORC",1 ALMIRA / 3 RACK,23,
C&S,HRC FUSE LINK,"63A, gG, 500VAC, 80kA","CDFL00, SIZE:00",1 ALMIRA / 3 RACK,3,
BUSSMANN,CARTRIDGE FUSES,"6A, 10*38, 500VAC, 100kA",C10G6,1 ALMIRA / 3 RACK,34,
BUSSMANN,CARTRIDGE FUSES,"32A, 10*38, 400VAC, 120kA",C10G32,1 ALMIRA / 3 RACK,20,
BUSSMANN,CARTRIDGE FUSES,"2A, 10*38, 500VAC, 120kA",C10G2,1 ALMIRA / 3 RACK,25,
BUSSMANN,CARTRIDGE FUSES,"16A, 10*38, 500VAC, 120kA",C10G16,1 ALMIRA / 3 RACK,27,
C&S,HRC FUSE LINK,"63A, 14*51, gG, 415VAC, 80kA",CHF63 ,1 ALMIRA / 3 RACK,5,
C&S,HRC FUSE LINK,"20A, gG, 500VAC, 80kA","CDFL00, SIZE:00",1 ALMIRA / 4 RACK,201,
SIEMENS,HRC FUSE LINK (BI FUSE),"6A, gG, 415VAC,80kA",3NW NS6,1 ALMIRA / 4 RACK,238,
C&S,HRC FUSE LINK,"6A, 14*51, gG, 415VAC,80kA",CHF6,1 ALMIRA / 4 RACK,80,
SIEMENS,HRC FUSE LINK (BI FUSE),"20A, gG, 415VAC, 80kA",3NW NS20,1 ALMIRA / 4 RACK,230,
C&S,HRC FUSE LINK,"6A, F1, gG, 415VAC, 80kA",CNS6,1 ALMIRA / 4 RACK,167,
SIEMENS,HRC FUSE LINK (BI FUSE),"25A, gG, 415VAC, 80kA",3NW NS25,1 ALMIRA / 4 RACK,260,
SIEMENS,HRC FUSE LINK (BI FUSE),"10A, gG, 415VAC, 80kA",3NW NS10,1 ALMIRA / 4 RACK,580,
C&S,HRC FUSE LINK,"6A, F1, gG, 415VAC, 80kA",CNS10,1 ALMIRA / 4 RACK,188,
C&S,HRC FUSE LINK,"10A, 14*15, gG, 415VAC, 80kA",CHF10,1 ALMIRA / 4 RACK,160,
C&S,HRC FUSE LINK,"25A, 14*15, gG, 415VAC, 80kA",CHF25,1 ALMIRA / 4 RACK,240,
C&S,HRC FUSE LINK,"16A, gG, 500VAC, 80kA","CDFL00, SIZE:00",1 ALMIRA / 5 RACK,84,
C&S,HRC FUSE LINK,"125A, gG, 500VAC, 80kA","CDFL00, SIZE:00",1 ALMIRA / 5 RACK,42,
C&S,HRC FUSE LINK,"200A, gG, 500VAC, 80kA","CDFL1, SIZE:1",1 ALMIRA / 5 RACK,16,
C&S,HRC FUSE LINK,"315A, gG, 500VAC, 80kA","CDFL2, SIZE:2",1 ALMIRA / 5 RACK,9,
C&S,HRC FUSE LINK,"400A, gG, 500VAC, 80kA","CDFL2, SIZE:2",1 ALMIRA / 5 RACK,27,
C&S,HRC FUSE LINK,"16A, 14*15, gG, 415VAC, 80kA",CHF16,1 ALMIRA / 5 RACK,145,
SIEMENS,HRC FUSE LINK (BI FUSE),"16A, gG, 415VAC, 80kA",3NW NS16,1 ALMIRA / 5 RACK,278,
,,,,,,
,,,,,,
ALMIRA NO.2,,,,,,
MAKE,MATERIAL DISCRIPTION,TYPE (RATING),SIZE,LOCATION,TOTAL NO,
TC,CONTROL RELAY,COIL 24VDC,TCA3DN22BD,2 ALMIRA / 1 RACK,10,
SCHNEIDER,CONTACTOR 80A,220V 37KW 3P,LC1E80M7,2 ALMIRA / 1 RACK,3,
C&S,POSITION INDICATION SWITCH FOR ACB 2000A-4000A,,ALB-IP-2,2 ALMIRA / 1 RACK,5,
TC,CONTROL RELAY,COIL 220V,TCA2DN22M5,2 ALMIRA / 1 RACK,10,
TC,CONTROL RELAY,COIL 110V,CA2DN1129F,2 ALMIRA / 1 RACK,5,
C&S,POSITION INDICATION SWITCH UPTO 1600A & 2000A (AHA),,ALB-4P-1,2 ALMIRA / 1 RACK,2,
C&S,SHUNT TRIP (AH-20D-40D) & (ANA-25N-40S),220VDC,CS-AVH-S-220MD,2 ALMIRA / 1&2 RACK,7,
,FLOAT SWITCH FLUID LEVEL CONTROLLER WITH 15MTR WIRE,,,2 ALMIRA / 1 RACK,3,
RR CABLE,2.5 SQ MM 1 CORE WIRE,,FR-LSH,2 ALMIRA / 1 RACK,200MTR,
C&S,AUXILIARY SWITCH 14 WAY (7NO+7NC) 6D-16D/08N-20S (AHA),,CS-AZH-7A7B-1,2 ALMIRA / 1 RACK,2,
C&S,MICRO SWITCH,,MICROSW,2 ALMIRA / 1 RACK,6,
C&S,AUXILIARY CONTACT  1NO+1NC,,CSSDFZX46,2 ALMIRA / 1 RACK,10,
SIEMENS,ELECTRONIC TIMER ON-DELAY (MTS) (0.05 SEC-100HRS),24-240V AC/DC,BRP15 25-1BW30-8K,2 ALMIRA / 1 RACK,8,
C&S,CHARGING MOTORS FOR 20D-40D/30S-40S(AHA)," (110V AC/DC, 220V AC/DC, 250V AC/DC)",CS-AMH-2,2 ALMIRA / 2 RACK,4,
SCHNEIDER,MOULDED CASE CIRCUIT BRAKER MCCB,"32A 3P, CVS 100N",LV510472,,,
,,,,,,
,,,,,,
,,,,,,
,,,,,,
,,,,,,
,,,,,,
,,,,,,
,,,,,,
,,,,,,
,,,,,,
,,,,,,
,,,,,,
,,,,,,
,,,,,,
,,,,,,
,,,,,,
,,,,,,
,,,,,,
,,,,,,
,,,,,,
,,,,,,
,,,,,,
,,,,,,
,,,,,,
,,,,,,
,,,,,,
,,,,,,
,,,,,,
,,,,,,
,,,,,,
,,,,,,
,,,,,,
,,,,,,
,,,,,,
,,,,,,
,,,,,,
,,,,,,
,,,,,,
,,,,,,
,,,,,,
ALMIRA NO.3,,,,,,
MAKE,MATERIAL DISCRIPTION,TYPE (RATING),SIZE,LOCATION,TOTAL NO,
PERMACEL,SELP FUSING TAPE ( INSULATINO TAPE ),,,3 ALMIRA / 1 RACK,14,
SONA,LUG CU RING INSULTED 2.5 mm SMALL,,2.5mm smalll,3 ALMIRA / 1 RACK,4800,
SONA,LUG CU PIN INSULTED 2.5 mm,,2.5 mm,3 ALMIRA / 1 RACK,4200,
SONA,LUG CU FLAT 185 mm,,185 mm,3 ALMIRA / 1 RACK,310,
SELEC,ANALOG TIMER ( 22.5 ),,22.5,3 ALMIRA / 1 RACK,3,
PANASONIC,MCB 63A / 415V,63 / 415,,3 ALMIRA / 1 RACK,1,
BHEL,PLC FRO F/W BOOSTER P/P LEP,,,3 ALMIRA / 1 RACK,3,
BOSCH,HOT GUN,,,3 ALMIRA / 1 RACK,2,
ESSEN,LIMIT SWITCH PS2RLL1 ( WB ),,,3 ALMIRA / 2 RACK,98,
ESSEN,LIMIT SWITCH LSMS-11,,,3 ALMIRA / 2 RACK,222,
ESSEN,PUSH BUTTON PCB2-BS545,,,3 ALIMRA / 2 RACK,32,
ESBEE PRO,INDICATOR LAMP,,,3 ALMIRA / 2 RACK,40,
BLUE STAR,MODULAR MASTER DISPLAY HANDSET,,,3 ALMIRA / 2 RACK,2,
,MODULAR MASTER CONTROLLER WITH TRANSFORM,,,3 ALMIRA / 2 RACK,1,
,MODULAR SLAVE BASE CONTROLLER,,,3 ALMIRA / 2 RACK,2,
MECO,MC DIN AC RECTIFIER TYPE PAND METER 240 DEGREE,,,3 ALMIRA / 2 RACK,7,
TC,PUSH BUTTON RCB2BA41,,,3 ALMIRA / 2 RACK,100,
TC,PIUSH BUTTON RCB2BA31,,,3 ALMIRA / 2 RACK,100,
TC,E - STOP PUSH BUTTON RCB2BS54,,,3 ALMIRA / 2 RACK,16,
TC,PUSH BUTTON RCB2BA4 ( RED ),RED,,3 ALMIRA / 2 RACK,12,
TC,PUSH BUTTON RCB2BA4 ( GREEN ),GREEN,,3 ALMIRA / 2 RACK,12,
SEOTCH,TNSULATION TAPE,,,3 ALMIRA / 2 RACK,85,
SCHNEIDER,PUSH BUTTON XALD01,XALD01,,3 ALMIRA / 2 RACK,,
TC,LIMIT SWITCH RCB2BA4 ( GREEN ),GREEN,,3 ALMIRA / 2 RACK,29,
SEOTCH,TNSULATION TAPE,,,3 ALMIRA / 2 RACK,8,
AIRON,CONTROL SWITCHES ( WB ) GREEN,GREEN,,3 ALMIRA / 3 RACK,29,
AIRON,FIXED SWITCH ( WB ) GREEN ,GREEN,,3 ALMIRA / 3 RACK,27,
SELEC,ASTRNOMICAL TIME SWITCH (ATS2M1-1-16A-230V,16A / 230V,16A / 230V,3 ALMIRA / 4 RACK,17,
SCHNEIDER,PUSH BUTTON SPRING RETURN ( RED ),RED,,3 ALMIRA / 5 RACK,20,
SCHNEIDER,PUSH BUTTON SPRING RETURN ( GREEN ),GREEN,,3 ALMIRA / 5 RACK,20,
SCHNEIDER,PUSH BUTTON PENDED,PENDED,,3 ALMIRA / 5 RACK,20,
,,,,,,
,,,,,,
ALMIRA NO.4,,,,,,
MAKE,MATERIAL DISCRIPTION,TYPE (RATING),SIZE,LOCATION,TOTAL NO,
DOOR LOCK,DOOR LOCK STAR ( * ),,,4 ALMIRA / 1 RACK,80,
POLYCAB ,CABLE 6 MM SQ AND MIX,,10 MTR,4 ALMIRA / 1 RACK,10 MTR,
RR,CABLE 2.5 SQ MM,,3 MTR,4 ALMIRA / 1 RACK,3 MTR,
ETIRA,CABLE 4.0 SQ MM,,30 MTR,4 ALMIRA / 1 RACK,30 MTR,
BRACKER,BRACKER HENDAL,,1,4ALMIRA / 1 RACK,1,
PERMACEL,SELP FUSING TAPE ( INSULATINO TAPE ),,,4 ALMIRA / 2 RACK,4200,
SONA,LUG CU RING INSULTED 2.5 mm SMALL,,2.5mm smalll,4 ALMIRA / 2 RACK,310,
SONA,LUG CU PIN INSULTED 2.5 mm ,,2.5 mm ,4 ALMIRA / 2 RACK,3,
SONA,LUG CU FLAT 185 mm ,,185 mm,4 ALMIRA / 2 RACK,1,
SELEC ,ANALOG TIMER ( 22.5 ),,22.5,4 ALMIRA / 2 RACK,3,
PANASONIC,MCB 63A / 415V ,63 / 415,,4 ALMIRA / 3 RACK,2,
BHEL,PLC FRO F/W BOOSTER P/P LEP ,,,4 ALMIRA / 3 RACK,98,
BOSCH,HOT GUN,,,4 ALMIRA / 3 RACK,222,
ESSEN,MCCB PS2RLL1 ( WB ) ,,,4 ALMIRA / 3 RACK,32,
ESSEN,PUSH BUTTON LSMS-11,,,4 ALMIRA / 3 RACK,40,
ESSEN,PUSH BUTTON PCB2-BS545,,,4 ALMIRA / 3 RACK,2,
ESBEE PRO,INDICATOR LAMP,,,4 ALMIRA / 3 RACK,1,
BLUE STAR,MODULAR MASTER DISPLAY HANDSET ,,,4 ALMIRA / 3 RACK,2,
,MODULAR MASTER CONTROLLER WITH TRANSFORM,,,4 ALMIRA / 3 RACK,7,
,MODULAR SLAVE BASE CONTROLLER ,,,4 ALMIRA / 3 RACK,100,
MECO,MC DIN AC RECTIFIER TYPE PAND METER 240 DEGREE ,,,4 ALMIRA / 3 RACK,100,
TC,PUSH BUTTON RCB2BA41,,,4 ALMIRA / 4 RACK,16,
TC,PIUSH BUTTON RCB2BA31,,,4 ALMIRA / 4 RACK,12,
TC,E - STOP PUSH BUTTON RCB2BS54,,,4 ALMIRA / 2 RACK,12,
TC,PUSH BUTTON RCB2BA4 ( RED ),RED,,4 ALMIRA / 2 RACK,85,
TC,CONTROL  225A,225A,,4 ALMIRA / 1 RACK,25,
TC, CONTACT SET-1 630A,630A,,4 ALMIRA / 1 RACK,7,
,HOOK CHARGER 5.20A,5.20A,,4 ALMIRA / 1 RACK,2,
,HOOK CHARGER 7.20A,7.20A,,4 ALMIRA / 1 RACK,1,
,SMALL BATTERY CHARGER 7.20A,7.20A,12X150,4ALMIRA / 1 RACK,2,
,SHUNT TRIP ( AH-20D-40D) & ( AHA-25N-40S ) 250V AC,,,4 ALMIRA / 2 RACK,16,
SIEMENS,AIR SU,,,4 ALMIRA / 2 RACK,3,
,ANCHOR FASTE,,12mm ,4 ALMIRA / 2 RACK,18,
,GUJJA ,,,4 ALMIRA / 2 RACK,1,
,NUT ,,6+6 mm,4 ALMIRA / 2 RACK,11,
C&S,3 POLE CONTACTOR 100A / 415V,,,4 ALMIRA / 3 RACK,27,
C&S,HRC FUSE LINK,,14X51,4 ALMIRA / 3 RACK,90,
C&S,HF HRC FUSE LINK,,14X51,4 ALMIRA / 3 RACK,120,
C&S,HN HRC FUSE LINE,,0,4 ALMIRA / 3 RACK,27,
LT SWITCHGEAR,HF HRC FUSE LINK,,14X51,4 ALMIRA / 3 RACK,150,
LT SWITCHGEAR,HF HRC FUSE LINK,,14X51,4 ALMIRA / 3 RACK,30,
LT SWITCHGEAR,HF HRC FUSE LINK,,14X51,4 ALMIRA / 3 RACK,30,
LT SWITCHGEAR,HF HRC FUSE LINK,,14X51,4 ALMIRA / 3 RACK,30,
LT SWITCHGEAR,HRC FUSE LINK,,,4 ALMIRA / 3 RACK,30,
LT SWITCHGEAR,HF HRC FUSE LINK,,14X51,4 ALMIRA / 3 RACK,60,
C&S,HIGH BREAKING CAPACITY FUSE LINK ,,0,4 ALMIRA / 3 RACK,513,
C&S,HIGH BREAKING CAPACITY FUSE LINK ,,0,4 ALMIRA / 4 RACK,180,
C&S,HIGH BREAKING CAPACITY FUSE LINK ,,0,4 ALMIRA / 4 RACK,117,
C&S,HIGH BREAKING CAPACITY FUSE LINK ,,0,4 ALMIRA / 4 RACK,30,
C&S,HIGH BREAKING CAPACITY FUSE LINK ,,0,4 ALMIRA / 4 RACK,81,
C&S,HIGH BREAKING CAPACITY FUSE LINK ,,0,4 ALMIRA / 5 RACK,90,
C&S,HIGH BREAKING CAPACITY FUSE LINK ,,0,4 ALMIRA / 5 RACK,8,
C&S,HIGH BREAKING CAPACITY FUSE LINK ,,0,4 ALMIRA / 5 RACK,2,
C&S,HIGH BREAKING CAPACITY FUSE LINK ,,0,4 ALMIRA / 5 RACK,6,
C&S,HIGH BREAKING CAPACITY FUSE LINK ,,,4 ALMIRA / 5 RACK,42,
,,,,,,
C&S,ANTI PUMPING RELAY 1600A,,CS-ANTPUMPRIY-116MD,,12,
C&S,AUX ISOLATING CONTACT ASSEMBLY ,,AIH-BC,,1,
C&S,AUXILIARY CONTACT -1NO+1NC,,CSSDFZX1,,10,
SURDHI,FAILURE RELAY,,,,4,
C&S,DOWEL PIN OF D/O GEAR OF 200A ACB ,1600A,ACB ACCESSORIES CSSPGDLPN013,,3,
C&S,     DOWEL PIN OF D/O GEAR OF 1300A ACB,,ACB ACCESSORIES CS-AVH-S-220MA,,1,
C&S,     DOWEL PIN OF D/O GEAR OF 1400A ACB,M8568430118, SFU ACCESSORIES CSSDFZX1,,10,
C&S,     DOWEL PIN OF D/O GEAR OF 1600A ACB,,SFU ACCESSORIES CSSDFZX46,,30,
C&S,     DOWEL PIN OF D/O GEAR OF 1800A ACB,2000-4000A,ACB ACCESSORIES CHKSPG-25C ,,10,
C&S,     DOWEL PIN OF D/O GEAR OF 2600A ACB,630-3200A,ACB ACCESSORIES MCLHAND-16B,,5,
C&S,     DOWEL PIN OF D/O GEAR OF 5300A ACB,1400A,ACB ACCESSORIES DPCAM,,91,
C&S,     DOWEL PIN OF D/O GEAR OF 4800A ACB,,ACB ACCESSORIES MICROSW,,3,
C&S,     DOWEL PIN OF D/O GEAR OF 1500A ACB,,CSSDFZX35,,10,
,     DOWEL PIN OF D/O GEAR OF 4800A ACB,,ACB ACCESSORIES CSPG-16B ,,5,
C&S,     DOWEL PIN OF D/O GEAR OF 4800A ACB,220V DC,ACB ACCESSORIES CS-AVH-S-116MD,,2,
SIEMENS,     DOWEL PIN OF D/O GEAR OF 1650A ACB,220V DC,ACB ACCESSORIES CS-AVH-C-116MD,,41-2=39,2 issued on 1 feb to rohan
C&S,     DOWEL PIN OF D/O GEAR OF 1800A ACB,220V DC,ACB ACCESSORIES CS-AVH-C-116MD,,13,
C&S,     DOWEL PIN OF D/O GEAR OF 4700A ACB,220V DC,ACB ACCESSORIES CS-AVH-C-116MD,,4,
C&S,     DOWEL PIN OF D/O GEAR OF 4200A ACB,,ABC ACCESSORIES CLATCH-16B,,9,
C&S,     DOWEL PIN OF D/O GEAR OF 4500A ACB,,ACB ACCESSORIES CLCHOOKPIN-16B,,9,
C&S,     DOWEL PIN OF D/O GEAR OF 4150A ACB,,,,,
,,,,,,
ALMIRA NO.5,,,,,,
MAKE,MATERIAL DISCRIPTION,TYPE (RATING),SIZE,LOCATION,TOTAL NO,
,HT BREAKER COIL 220V,220V,219.2,5 ALMIRA / 1 RACK,15,
,,BATTERY,,5 ALMIRA / 1 RACK,02 NOS,
,AUXILLIANY CONTACT ( HT ),,,5 ALMIRA / 1 RACK,,
,CARSEL KEY,,,5 ALMIRA / 1 RACK,7,
,INSULATOR PROTECTION ( HT ),HT,,5 ALMIRA / 1 RACK,,
,DC CONTACTOR 12V / 200A,DC,,5 ALMIRA / 1 RACK,0,
,32 PIN PLUG & SOCKET ASSLY ( JUNIPER ),,,5 ALMIRA / 1 RACK,4,
,SPRING CHARGING MOTOR 220V / DC,220V / DC,,5 ALMIRA / 1 RACK,5,
,52AB,52AB,,5 ALMIRA / 1 RACK,4,
,BASE RELAY ( 24V ),24V,,5 ALMIRA / 2 RACK,10 SET,
,INSTANTANEOUS UNDER VOLTAGE 220V / DC,220V / DC,,5 ALMIRA / 2 RACK,2,
,LIMIT SWITCH,,,5 ALMIRA / 2 RACK,10,
,MOTOR CUT OFF LIMIT SWITCH ASSY,,,5 ALMIRA / 2 RACK,5,
,CLOSING SPRING,,,5 ALMIRA / 2 RACK,5,
,TRIPING SPRING,,,5 ALMIRA / 2 RACK,5,
,SPRING CHARGE HANDAL,,,5 ALMIRA / 2 RACK,20,
,BREAKER WHEEL ( HT ),,,5 ALMIRA / 3 RACK,20,
,BUS BAR JOINT COVER,,,5 ALMIRA / 3 RACK,20,
,PULL TO TRIP KIT ( HT ),,,5 ALMIRA / 3 RACK,4,
CHNT CHINT ELECTRIC,CONTACTOR 40A,40 A COIL VOLTAGE 240 V,,5 ALMIRA / 3 RACK,3,
,SYNCHRO CHECH RELAY PS4 14N,,,5 ALMIRA / 4 RACK,7,
,EMERGENCY TRIPING ASSY ( HT ),,,5 ALMIRA / 4 RACK,5,
,INTER PANIL SEAT OF BUSHING,,,5 ALMIRA / 4 RACK,2,
,SFU HANDLE SHAFT,,,5 ALMIRA / 5 RACK,40,
,SUPPORTING INSULATION BUSHAR ( HT ),,,5 ALMIRA / 5 RACK,50,
,5 WAY MULTIPIU MAKE FEMALE,,,5 ALMIRA / 5 RACK,50,
,ROCKING NUT PLASTIC,,,5 ALMIRA / 5 RACK,25,
,GASKET FOR COVERING THE DOOR ( HT ),,,5 ALMIRA / 5 RACK,AVAILABLE,
,THELMAL INDICETOR STRIP,,,5 ALMIRA / 5 RACK,AVAILABLE,
LT,CONTROL TRANSFORMER,415V TO 110V ( 1.37A ),,5 ALMIRA / 5 RACK,05 NOS,
,,,,,,
ALMIRA NO.6,,,,,,
MAKE,MATERIAL DISCRIPTION,TYPE (RATING),SIZE,LOCATION,TOTAL NO,
FLUKE,LIGHT MITER,,MANAS SIR KA ALMIRA,6 ALMIRA / 1 RACK,02 NOS,
FLUKE,CLAMP MITER,,MANAS SIR KA ALMIRA,6 ALMIRA / 1 RACK,01 NOS,
KYORITSU,CLAMP MITER,,MANAS SIR KA ALMIRA,6 ALMIRA / 1 RACK,04 NOS,
ELECTRIC ( C&S ),1 POLE MCB ( 20A ),20A,MANAS SIR KA ALMIRA,6 ALMIRA / 5 RACK,270 NOS,
FLUKE,MOTOR & PHASE ROTATION INDICATOR,ROTATION INDICATOR,MANAS SIR KA ALMIRA,6 ALMIRA / 2 RACK,01 NOS,
FLUKE,CLAMP MITER,,PRASHANT SIR,6 ALMIRA / 1 RACK,01 NOS,
,,,,,,
,,,,,,
,,,,,,
,,,,,,
ALMIRA NO.7,,,,,,
MAKE,MATERIAL DISCRIPTION,TYPE (RATING),SIZE,LOCATION,TOTAL NO,
C&S,CHARGING MOTOR ( 110V AC / DC 220V AC / DC 250V AC DC FOR 06D-16D/08N-20N ( AHA ),08N - 20N AC / DC,ACB ACCESSORIES CS-AMH-1,"7 ALMIRA / 1,5 RACK",7,
C&S,AUX ISOLATING CONTACT ASSEMBLY,,AIH-BC,7 ALMIRA / 1 RACK,1,
C&S,AUXILIARY CONTACT -1NO+1NC,,CSSDFZX1,7 ALMIRA / 1 RACK,9,
SURDHI,FAILURE RELAY,,,7 ALMIRA / 1 RACK,,
C&S,DOWEL PIN OF D/O GEAR OF 1600A ACB,1600A,ACB ACCESSORIES CSSPGDLPN013,7 ALMIRA / 1 RACK,,
C&S,SHUNT TRIP ( AH-20D-40D) & ( AHA-25N-40S ) 250V AC,,ACB ACCESSORIES CS-AVH-S-220MA,7 ALMIRA / 1 RACK,1,
C&S,AUXILIARY CONTACT,,SFU ACCESSORIES CSSDFZX1,7 ALMIRA / 1 RACK,11,
C&S,AUXILIARY CONTACT,,SFU ACCESSORIES CSSAFZX46,7 ALMIRA / 1 RACK,4,
C&S,"CHARGING HOOK SPRING FOR 2000-4000A , C&D TYPE ACB",,ACB ACCESSORIE CHKSPG-25C,7 AMIRA / 1 RACK,,
C&S,MANUAL CHARGING HANDLE 630-1600A,630-1600A,ACB ACCESSORIE MCLHAND-16B,7 ALMIRA / 1 RACK,5,
C&S,MICRO SWICH,,ACB ACCESSORIE MICROSW,7 ALMIRA / 1 RACK,,
C&S,AUXILIARY CONTACT,,CSSDFZX35,7 ALMIRA / 1 RACK,10,
C&S,COLSING SPRING 630-1600 FOR D& FIXED B TYPE ACB,630-1600A,ACB ACCESSORIES CSPG-16B,7 ALMIRA / 1 RACK,,
,SPRAY PAINT,GREEN,500ML,7 ALMIRA / 1 RACK,1,
,SPRAY PAINT,SILVER,500ML,7 ALMIRA / 1 RACK,2,
C&S,SHUNT TRIP ( AH-06D-16D ) & ( AHA-06N-20S ) 220V DC,220V DC,ACB ACCESSORIES CS-AVH-S-116MD,7 ALMIRA / 1 RACK,1,
C&S,COLSING COIL ( AH-06D-16D ) & ( AHA-06N-20S ) 220V DC,220V DC,ACB ACCESSORIES CS-AVH-C-116MD,7 ALMIRA / 1 RACK,1,
C&S,ANTI PUMPING RELAY 1600A,1600 A,CS-ANTPUMPRIY-116MD,7 ALMIRA / 1 RACK,10,
C&S,AUX ISOLATING CONTACT ASSEMBLY,,AIH-BC,7 ALMIRA / 1 RACK,,
C&S,AUXILIARY CONTACT -1NO+1NC,,CSSDFZX46,7 ALMIRA / 1 RACK,6,
SURDHI,FAILURE RELAY,,,7 ALMIRA / 1 RACK,,
C&S,DOWEL PIN OF D/O GEAR OF 1600A ACB,1600A,ACB ACCESSORIES CSSPGDLPN013,7 ALMIRA / 1 RACK,,
C&S,SHUNT TRIP ( AH-20D-40D) & ( AHA-25N-40S ) 250V AC,250V AC,ACB ACCESSORIES CS-AVH-S-220MA,7 ALMIRA / 1 RACK,1,
C&S,AUXILIARY CONTACT,,SFU ACCESSORIES CSSDFZX1,7 ALMIRA / 1 RACK,,
C&S,AUXILIARY CONTACT,,SFU ACCESSORIES CSSDFZX46,7 ALMIRA / 1 RACK,,
C&S,CHARGING HOOK SPRING FOR 2000-4000A C&D TYPE ACB,2000-4000A,ACB ACCESSORIES CHKSPG-25C,7 ALMIRA / 1 RACK,1,
C&S,DOWEL PIN FOR CAM FOR 1600A ACB,1600A,ACB ACCESSORIES DPCAM,7 ALMIRA / 1 RACK,,
C&S,AUXILIARY CONTACT,,CSSDFZX35,7 ALMIRA / 1 RACK,,
C&S,CLOSING SPRING 630-1600 FOR D& FIXED B TYPE ACB,,ACB ACCESSORIES CSPG-16B,7 ALMIRA / 1 RACK,5,
C&S,CHARGING HOOK FOR D& FIXED B TYPE ACB,630-1600A,CHOOK-16B,7 ALMIRA / 1 RACK,5,
,J- LINEAR HALOGER LAMP 500W,500W,,7 ALMIRA / 1-2 RACK,,
C&S,CSHUNT SPRING ( AH-06-D-16D) & ( AHA-06N-20S ) 220V D,220V DC,ACB ACCESSORIES CS-AVH-S-116MD,7 ALMIRA / 1 RACK,,
C&S,CLOSING COIL LIMIT SWITCH,,CCLIMSW,7 ALMIRA / 2 RACK,20,
,HAND GLOVES 1700V,1700V,,7 ALMIRA / 2 RACK,,
,HAND GLOVES 11000V,11000V,,7 ALMIRA / 2 RACK,,
,HAND GLOVES 650V,650V,,7 ALMIRA / 2 RACK,,
C&S,CLOSING COIL ( AH-20D-40D) & ( AHA-25N-40S ) 220V D,220V DC,ACB ACCESSORIES CS-AVH-C-220MD,7 ALMIRA / 2 RACK,13,
C&S,COLSING COIL ( AH-06D-16D ) & ( AHA-06N-20S ) 220V DC,220V DC,ACB ACCESSORIES CS-AVH-C-116MD,7 ALMIRA / 2 RACK,46,
C&S,CLOSING COIL ( AH-06-D-16D) & ( AHA-06N-20N ) 220V D,220V DC,ACB ACCESSORIES CS-AVH-C-116MD,7 ALMIRA / 2 RACK,,
C&S,CLOSING COIL ( AH-06-D-16D) & ( AHA-06N-20N ) 220V D,220V DC,ACB ACCESSORIES CS-AVH-C-116MD,7 ALMIRA / 2 RACK,,
C&S,POSITION INDICATION SWITCH FOR ACB 2000A-4000A,2000A-4000A,ACB ACCESSORIES ALB-IP-2,"7 ALMIRA / 2,4 RACK",27,
C&S,CHARGING LATCH 630-1600A FOR D& FIXED B TYPE ACB,,ABC ACCESSORIES CLATCH-16B,7 ALMIRA / 2 RACK,32,
C&S,CHARGING LATCH PIN 630-1600A FOR D& FIXED B TYPE ACB,,ABC ACCESSORIES CLATCHPIN-16B,7 ALMIRA / 2 RACK,10,
C&S,CHARGING HOOK PIN 630-1600A FOR D& FIXED B TYPE ACB,,ACB ACCESSORIES CLCHOOKPIN-16B,7 ALMIRA / 2 RACK,8,
C&S,CHARGING HOOK PIN 2000-2500A FOR C&D TYPE ACB,2000-2500A,ACB ACCESSORIES CLCHOOKPIN-25C,7 ALMIRA / 2 RACK,4,
C&S,CHARGING LATCH 2000A - 2500A FOR C&D TYPE ACB,2000A - 2500A,ACB ACCESSORIES CLATCH-25C,7 ALMIRA / 2 RACK,24,
,MNX 50 CONTACTOR,AC1 85A,MNX50,7 ALMIRA / 3 RACK,2,
C&S,DOWEL PIN D/O GEAR OF 1600A ACB,1600A,ACB ACCESSORIES CSSPGDLPN013,7 ALMIRA / 3 RACK,97,
C&S,MANUAL CHARGING HANDLE,MCLHND-6D-16D,AH06D-16D/08N-20S (AHA),7 ALMIRA / 3 RACK,5,
C&S,MANUAL CHARGING HANDLE,MCLHND-20D-40D,AH20D-40D/30S-40S (AHA),7 ALMIRA / 3 RACK,5,
C&S,KEY LOCK ( ONE LOCK + ONE KEY ) FOR 20D-40D/25-40S/C-60C,,ACB ACCESSORIES AKI-2D,7 ALMIRA / 3 RACK,,
C&S,DOWEL PIN OF D/O GEAR OF 3200A ACB,3200A,ACB ACCESSORIES CSSPGDLPN017,7 ALMIRA / 3 RACK,97,
C&S,MICRO SWITCH,,ACB ACCESSORIES MICROSW,7 ALMIRA / 3 RACK,1,
SCHNEIDER,CONTACTOR 50A,70A / 220V,LC1E50M7,7 ALMIRA / 3 RACK,6,
,THERMAL OVERLOAD RELAY 65-105A,65-105A,,7 ALMIRA / 3 RACK,,
C&S,DOWEL PIN FOR CAM FOR 1600A ACB,1600A,ACB ACCESSORIE DPCAM,7 ALMIRA / 3 RACK,91,
,THERMAL OVERLOAD RELAY 100-160A,100-160A,,7 ALMIRA / 3 RACK,,
,THERMAL OVERLOAD RELAY 125-200A,125-200A,,7 ALMIRA / 3 RACK,,
( L&T ) LAURITZ KNUDSEN,POWER CONTACTOR ADD ON BLOCK SET 50A A,50A / 240V AC,CONTACTOR & ADD ON BLOCK SET,7 ALMIRA / 3 RACK,,
,CHARGING LATCH 20-40D,,CSM1200,7 ALMIRA / 4 RACK,10,
,CONTACTOR 500A,500A / COIL VOLTAGE 110V,,7 ALMIRA / 4 RACK,,
,CONTACTOR 330A,330A / COIL VOLTAGE 110V,,7 ALMIRA 4 RACK,,
C&S,ANTI PUMPING RELAY 2500A,2500A,ACB ACCESSORIES CS-ANTPUMPRLY-220MD,7 ALMIRA / 4 RACK,21,
,CONTACTOR 630A,630A / COIL VOLTAGE 110V,,7 ALMIRA / 4 RACK,,
C&S,CLOSING LATCH 20-40D,,ACB ACCESSORIES CSM1200,7 ALMIRA / 4 RACK,,
C&S,CLOSING COIL ( AH-06D-16D )&( AHA-06N-20S ) 220V DC,220V DC,ACB ACCESSORIES CS-AVH-C-116MD,7 ALMIRA / 5 RACK,,
C&S,AUXILIARY SWITCH 7 NO+7 NC 2000A-4000A,2000A-4000A,ACB ACCESSORIES CS-AXH-7A7B-220,7 ALMIRA / 5 RACK,6,
C&S,MCCB CD100NFMU100A3P,100A 3P,CD100NFMU100A3P,7 ALMIRA / 5 RACK,5,
C&S,"MAGNET HOLD TRIGGER 20D-25D/25N-30N,3P","20D-25D/25N-30S,3P",ACB ACCESSORIES CS-MHT-20D-25D3P,7 ALMIRA / 5 RACK,10,
C&S,AUXILIARY SWITCH 14 WAY (7NO+7NC) 6D-16D/08N-20S(AHA),,ACB ACCESSORIES CS-AXH-7A7B-1,7 ALMIRA / 5 RACK,2,
,,,,,,
ALMIRA NO.8,,,,,,
MAKE,MATERIAL DISCRIPTION,TYPE (RATING),SIZE,LOCATION,TOTAL NO,
,NL FUSE HOLDER 20A,20A,,8 ALMIRA / 1 RACK,,
H,HRC FUSE HOLDER 20A,20A,,8 ALMIRA / 1 RACK,,
,HRC FUSE HOLDER TYPE FHB 32A,TYPE FHB 32A,,8 ALMIRA / 1 RACK,,
,HRC FUSE HOLDER 63A,63A,,8 ALMIRA / 1 RACK,,
TC,THERMAL OVER LOAD RELAY,57.0-66.8A,LR1D63361,8 ALMIRA / 1 RACK,13,
TC,THERMAL OVER LOAD RELAY,63.8-18.0A,LR1D80363,8 ALMIRA / 1 RACK,7,
TC,THERMAL OVER LOAD RELAY,48.0-57.0A,LR1D63659,8 ALMIRA / 1 RACK,,
TC,CONTACTOR,9A / 415V,TC1D0910F5,8 ALMIRA / 1 RACK,10,
TC,THERMAL OVER LOAD RELAY,30.0-40.0A,LR1D40355,8 ALMIRA / 1 RACK,13,
TC,THERMAL OVER LOAD RELAY,38.0-50.0A,LR1D63357,8 ALMIRA / 1 RACK,1,
TC,THERMAL OVER LOAD RELAY,57.0-66.0A,LR1D63361,8 ALMIRA / 1 RACK,,
TC,CONTROL RELAY,COIL VOLTAGE 110V / 50Hz,TCA2DN31F5,8 ALMIRA / 1 RACK,9,
TC,THERMAL OVER LOAD RELAY,48-65A,TR2D65359,8 ALMIRA / 1 RACK,3,
TC,THERMAL OVER LOAD RELAY,37-50A,TR2D65357,8 ALMIRA / 1 RACK,5,
TC,THERMAL OVER LOAD RELAY,48.0-57.0A,LR1D63359,8 ALMIRA / 1 RACK,1,
( L&T ) LAURIZE KNUDSEN,"POWER CONTACTOR ( 9A,3P )",COIL VOLTAGE 240V AC,MNX9,8 ALMIRA / 1 RACK,27,
( L&T ) LAURIZE KNUDSEN,FRONT ADD ON BLOCK 2NO+2NC,,FRAOB22E,8 ALMIRA / 1 RACK,27,
TC,THERMAL OVER LOAD RELAY,57.0-66.0A,LR1D63361,8 ALMIRA / 1 RACK,,
TC,CONTROL RELAY,COIL VOLTAGE 415V / 50Hz,CA2DN1229N,8 ALMIRA / 2 RACK,15,
TC,CONTROL RELAY,COIL VOLTAGE 240V / 50Hz,CA2DN1319U,8 ALMIRA / 2 RACK,3,
C&S,EARTH FAULT PROTECTOR,5A 250V AC,CSEFP1.0,8 ALMIRA / 2 RACK,1,
TC,CONTROL RELAY,COIL VOLTAGE 110V / 50Hz,CA2DN140 F,8 ALMIRA / 2 RACK,11,
TC,CONTROL RELAY,32A / 110 V,LC1D323F,8 ALMIRA / 2 RACK,,
TC,CONTACTOR,16A / 415V,LC1D173F,8 ALMIRA / 2 RACK,,
,CRC,CRC,,8 ALMIRA / 2 RACK,,
TC,MOUNTING KIT,,LA7D4054,8 ALMIRA / 2 RACK,33,
TC,MOUNTING KIT,,LA7D0964,8 ALMIRA / 2 RACK,5,
TC,CONTROL RELAY,220V DC,TCA3DN22 MD,8 ALMIRA / 2 RACK,6,
TC,CONTROL RELAY,220V DC,TCA3DN31 MD,8 ALMIRA / 2 RACK,2,
TC,CONTACTOR,COIL VOLTAGE 240V / 32A / 415V,TC1D3210 U5,8 ALMIRA / 2 RACK,4,
TC,CONTROL RELAY,240V / 50Hz,TCA2DN22 U5,8 ALMIRA / 2 RACK,6,
TC,CONTROL RELAY,110V / 50Hz,TCA2DN22 F5,8 ALMIRA / 2 RACK,12,
TC,CONTROL RELAY,COIL VOLTAGE 110V / 50Hz,TCA2DN31 F5,8 ALMIRA / 2 RACK,5,
TC,CONTROL RELAY,110V / 50Hz,TCA2DN40 F5,8 ALMIRA / 2 RACK,5,
C&S,CHARGING HOOK 630-1600A D& FIXED B TYPE ACB,630-1600A,ACB ACCESSORIES CHOOK-16-B,8 ALMIRA / 2 RACK,,
TC,CONTACTOR,COIL VOLTAGE 415V 32A/15KW,LC1D323U,8 ALMIRA / 2 RACK,3,
TC,CONTACTOR,COIL VOLTAGE 110V / 32A / 415V,LC1D323F,8 ALMIRA / 2 RACK,5,
TC,CONTACTOR,COIL VOLTAGE 415V 32A / 415V,LC1D323N,8 ALMIRA / 2 RACK,8,
TC,CONTACTOR,COIL VOLTAGE 110V / 16A / 415V,LC1D173F,8 ALMIRA / 2 RACK,,
TC,CONTROL RELAY,COIL VOLTAGE 240V / 16A / 415V,CA2DN1229,8 ALMIRA / 2 RACK,,
TC,CONTROL RELAY,220V / Hz,TCA2DN40 M5,8 ALMIRA / 3 RACK,10,
TC,THERMAL OVERLOAD RELAY,4.0-6.0A,LR1D09310,8 ALMIRA / 3 RACK,6,
,START STOP PUSH BUTTON,,,8 ALMIRA / 3 RACK,,
TC,CONTROL RELAY,200V / 50 Hz,TCA2DN31 M5,8 ALMIRA / 3 RACK,20,
RICH,CURRENT & VOLTAGE TRANSDUCER,"1A, 4-20MA, 60-300V AC/DC",TRND0036,8 ALMIRA / 3 RACK,20,
TC,MAIN CONTACT SET,LC1FDP400A,LA5F400803 ( F400 ),8 ALMIRA / 3 RACK,2,
TC,F-RANGE COIL 110V,110V,LX1FG110,8 ALMIRA / 3 RACK,2,
TC,F-RANGE COIL 110V,110V,LX1FF110,8 ALMIRA / 3 RACK,1,
L&T SWITCHGEAR,MX022E 2 NO+2 NC,COIL VOLTAGE 24V / 415V,CS94020G000,8 ALMIRA / 3 RACK,2,
TC,ADD ON BLOCK,,LA1D22,8 ALMIRA / 3 RACK,40,
TC,ADD ON BLOCK,10A,TA1DN31,8 ALMIRA / 3 RACK,2,
TC,ADD ON BLOCK,,TA1DN22,8 ALMIRA / 3 RACK,35,
TC,TIME DELAY BLOCK,0.1-30 SEC,TA2DT2,8 ALMIRA / 3 RACK,15,
TC,CONTROL RELAY,,TCA2M31F,8 ALMIRA / 3 RACK,,
TC,ADD ON BLOCK,,TA1DN40,8 ALMIRA / 3 RACK,15,
TC,ADD ON BLOCK,,TA1DN04,8 ALMIRA / 3 RACK,18,
TC,ADD ON BLOCK,F220516,TA1M,8 ALMIRA / 3 RACK,10,
TC,ADD ON BLOCK,,LA1D22,8 ALMIRA / 4 RACK,07/07/2025 ( 60NOS BHEL RAJNISH SIR 26/07/2025 ),
TC,THERMAL OVER LOAD RELAY,1.0-1.6A,LR1D09306,8 ALMIRA / 4 RACK,13,
TC,THERMAL OVER LOAD RELAY,10.0-13.0A,LR1D12316,8 ALMIRA / 4 RACK,12,
TC,THERMAL OVER LOAD RELAY,1-1.6A,TR2D09306,8 ALMIRA / 4 RACK,5,
TC,THERMAL OVER LOAD RELAY,13.0-18.0A,LR1D16321,8 ALMIRA / 4 RACK,,
TC,THERMAL OVERLOAD RELAY,7.0-10.0A,LR1D09314,8 ALMIRA / 4 RACK,11,
TC,THERMAL OVER LOAD RELAY,0.63-1.0A,LR1D09305,8 ALMIRA / 4 RACK,12,
TC,THERMAL OVERLOAD RELAY,17-25A,TR2D25322,8 ALMIRA / 4 RACK,14,
TC,THERMAL OVERLOAD RELAY,5.5-8A,TR2D09312,8 ALMIRA / 4 RACK,6,
TC,THERMAL OVER LOAD RELAY,0.40-0.63A,LR1D09304,8 ALMIRA / 4 RACK,6,
TC,THERMAL OVER LOAD RELAY,28.0-40.0A,LR1D32355,8 ALMIRA / 4 RACK,6,
TC,THERMAL OVER LOAD RELAY,18.0-25.0A,LR1D25322,8 ALMIRA / 4 RACK,9,
TC,THERMAL OVERLOAD RELAY,0.25-0.40A,LR1D09303,8 ALMIRA / 4 RACK,10,
TC,TOP HOUSING ( D ),17A,,8 ALMIRA / 4 RACK,,
TC,THERMAL OVERLOAD RELAY,5.5-8.0A,LR1D09312,8 ALMIRA / 4 RACK,3,
TC,THERMAL OVER LOAD RELAY,12-18A,TR2D18321,8 ALMIRA / 4 RACK,11,
TC,THERMAL OVER LOAD RELAY,18.0-25.0A,LR1D25322,8 ALMIRA / 4 RACK,,
TC,THERMAL OVER LOAD RELAY,2.5-4A,TR2D09308,8 ALMIRA / 4 RACK,8,
TC,THERMAL OVER LOAD RELAY,2.5-4.0A,LR1D09308,8 ALMIRA / 4 RACK,17,
TC,THERMAL OVER LOAD RELAY,23-32A,TR2D32353,8 ALMIRA / 4 RACK,3,
TC,THERMAL OVER LOAD RELAY,1A-1.6,LR1D09306,8 ALMIRA / 4 RACK,,
C&S,POSITION INDICATION SWITCH FOR ACB ( AH 20D-40D ) ( AHA 25N 40S ),,ALB-IP-2,8 ALMIRA / 4 RACK,,
TC,TOP HOUSING ( D ),17A 1 NO,LA5D173,8 ALMIRA / 5 RACK,7,
TC,CONTROL RELAY,COLI VOLTAGE 110V / 50Hz,CA2DN1229F,8 ALMIRA / 5 RACK,10,
TC,CONTROL RELAY,COIL VOLTAGE 110V / 50HZ,CA2DN140 F,8 ALMIRA / 5 RACK,,
TC,MOUNTING KIT,,LA7D0964,8 ALMIRA / 5 RACK,10,
TC,CONTACTOR,COIL VOLTAGE 110V / 12A / 415 V,LC1D123F,8 ALMIRA / 5 RACK,9,
TC,CONTACTOR,COIL VOLTAGE 220V / 16A / 415V,LC1D173M,8 ALMIRA / 5 RACK,9,
TC,CONTACTOR,"COIL VOLTAGE 110V / 32A /15FW, 415V",TC1D3201F7,8 ALMIRA / 5 RACK,16,
TC,CONTROL RELAY,COIL VOLTAGE 110V / 50 Hz,TCA2DN22 F5,8 ALMIRA / 5 RACK,10,
TC,CONTACTOR,40A / 415V,LC1D403M,8 ALMIRA / 5 RACK,,
TC,CONTACTOR 16A,16A / 110V,,8 ALMIRA / 5 RACK,,
TC,CONTACTOR 32A,32A / COIL VOLTAGE 110V,,8 ALMIRA / 5 RACK,,
TC,CONTACTOR,"COIL VOLTAGE 110V, 25A /11KW, 415V",LC1D253F,8 ALMIRA / 5 RACK,8,
TC,CONTACTOR,COIL VOLTAGE 220V / 25A / 415V,LC1D253M,8 ALMIRA / 5 RACK,10,
SCHNEIDER,THERMAL OVER LOAD RELAY,0.8-1.2A,LR2K0306,8 ALMIRA / 5 RACK,5,
SCHNEIDER,THERMAL OVER LOAD RELAY,10-14A,LR2K0321,8 ALMIRA / 5 RACK,2,
SCHNEIDER,THERMAL OVER LOAD RELAY,5.5-8A,LR2K0314,8 ALMIRA / 5 RACK,2,
SCHNEIDER,THERMAL OVER LOAD RELAY,12-16A,LR2K0322,8 ALMIRA / 5 RACK,3,
SCHNEIDER,THERMAL OVER LOAD RELAY,0.23-0.36A,LR2K0303,8 ALMIRA / 5 RACK,4,
SCHNEIDER,THERMAL OVER LOAD RELAY,1.2-1.8A,LR2K0307,8 ALMIRA / 5 RACK,1,
SCHNEIDER,THERMAL OVER LOAD RELAY,0.36-0.54A,LR2K0304,8 ALMIRA / 5 RACK,3,
SCHNEIDER,THERMAL OVER LOAD RELAY,2.6-3.7A,LR2K0310,8 ALMIRA / 5 RACK,5,
SCHNEIDER,THERMAL OVER LOAD RELAY,1.8-2.6A,LR2K0308,8 ALMIRA / 5 RACK,4,
SCHNEIDER,THERMAL OVER LOAD RELAY,0.54-0.8A,LR2K0305,8 ALMIRA / 5 RACK,6,
SCHNEIDER,THERMAL OVER LOAD RELAY,5-11.5A,LR2K0316,8 ALMIRA / 5 RACK,3,
SCHNEIDER,THERMAL OVER LOAD RELAY,3.7-5.5A,LR2K0312,8 ALMIRA / 5 RACK,3,
C&S,SWITCH DISCONNECTOR FUSE 250A,250A,,8 ALMIRA / 5 RACK / 9 ALMIRA / 5 RACK,,
C&S,SWITCH DISCONNECTOR FUSE 400A,400A,,8 ALMIRA / 5 RACK,,
C&S,SWITCH DISCONNECTOR FUSE 160A,160A,,8 ALMIRA / 5 RACK,,
,HRC FUSE HOLDER 32A,32A,,7/1 8/1,,
,CONTACTOR 115A,115A / COIL VOLTAGE 110V,,7/2 2/3,,
,,,,,,
,,,,,,
ALMIRA NO.9,,,,,,
MAKE,MATERIAL DISCRIPTION,TYPE (RATING),SIZE,LOCATION,TOTAL NO,
SONA,ALUMINIUN FALT LUG 630 mm (E-20),630 mm,E-20,9 ALMIRA / 1 RACK,253,
SONA,COPPER PIN LUG 1.5 mm,1.5 mm,,9 ALMIRA / 2 RACK,500,
SONA,COPPER PIN INSULATED LUG 1.5 mm ( SCPI- 177 ) RED,1.5 mm,SCPI-177,9 ALMIRA / 2 RACK,2140,
SONA,COPPER RING INSULATED 1.5 mm,1.5 mm,,9 ALMIRA / 2 RACK,4800,
SONA,COPPER PIN INSULATED 1.5 mm,1.5 mm,,9 ALMIRA / 2 RACK,2660,
SONA,COPPER INLINE ( 25 mm ),25 mm,,9 ALMIRA / 2 RACK,283,
SONA,ALUMINIUN INLINE ( 35 mm ),35 mm,,9 ALMIRA / 2 RACK,359,
SONA,ALUMINIUN INLINE ( 25 mm ),25 mm,,9 ALMIRA / 2 RACK,290,
SONA,COPPER INLINE ( 2.5 mm ),2.5 mm,,9 ALMIRA / 2 RACK,900,
SONA,COPPER FLAT ( 120 mm ) E- 16,120mm,E- 16,9 ALMIRA / 2 RACK,347,
SONA,ALUMINIUM INLINE (10 mm),10 mm,,9 ALMIRA / 2 RACK,232,
SONA,ALUMINIUN FLAT ( 120 mm ),120 mm,,9 ALMIRA / 2 RACK,495,
SONA,ALUMINIUN INLINE ( 16 mm ),16mm,,9 ALMIRA / 2 RACK,417,
SONA,COPPER RING (2.5 mm),2.5 mm,E - 8,9 ALMIRA / 2 RACK,400,
SONA,COPPER RING (2.5 mm),2.5 mm,E - 10,9 ALMIRA / 2 RACK,87,
SONA,COPPER RING ( 2.5 mm ),2.5 mm,E - 5,9 ALMIRA / 2 RACK,560,
SONA,COPPER RING ( 120 mm ) E -16,120 mm,E - 16,9 ALMIRA / 2 RACK,71,
SONA,COPPER RING ( 10 mm ),10 mm,E - 8,9 ALMIRA / 2 RACK,160,
SONA,COPPER RING ( 4.6 mm ),4.6 mm,,9 ALMIRA / 2 RACK,120,
SONA,COPPER PIN ( 6 mm ),6 mm,,9 ALMIRA / 2 RACK,0,
SONA,COPPER INLINE ( 10 mm ),10 mnm,,9 ALMIRA / 2 RACK,0,
SONA,COPPER PIN INSULATED ( 2.5 mm ),2.5 mm,,9 ALMIRA / 2 RACK,1050,
SONA,COPPER FLAT L/B ( 300 mm ) LUG,300 mm L/B,,9 ALMIRA / 4 RACK,50,
,ALUMINIUM INLINE (70 mm),70 mm,,9 ALMIRA / 4 RACK,20,
SONA,ALUMINIUN FLAT ( 400 mm ) LUG,400 mm,,9 ALMIRA / 5 RACK,6,
,ALUMINIUM INLINE (50 mm),50 mm,,9 ALMIRA / 4 RACK,33,
SONA,COPPER FLAT L/B ( 150 mm ) LUG,150 mm,,9 ALMIRA / 4 RACK,300,
,ALUMINIUM FLAT (35 mm),35 mm,E-6,9 ALMIRA / 4 RACK,300,
,ALUMINIUM FLAT (35 mm),35 mm,E-8,9 ALMIRA / 4 RACK,400,
,ALUMINIUM FLAT (35 mm),35 mm,E-10,9 ALMIRA / 4 RACK,85,
SONA,ALUMINIUN FLAT ( 150 mm ) LUG,150mm,,9 ALMIRA / 4 RACK,294,
SONA,ALUMINIUN FLAT L/B ( 95 mm ) LUG,95 mm,E-12,9 ALMIRA / 4 RACK,99,
SONA,COPPER FLAT ( 120 mm ) LUG,120mm,E-16,9 ALMIRA / 4 RACK,0,
SONA,COPPER INLINE ( 150 mm ) LUG,150mm,,9 ALMIRA / 4 RACK,25,
SONA,COPPER FLAT L/B 150mm LUG,150mm,,9 ALMIRA / 4 RACK,0,
SONA,ALUMINIUN FLAT ( 630 mm ) LUG,630 mm,E-20,9 ALMIRA / 5 RACK,30,
SONA,COPPER FLAT ( 50 mm ) LUG,50mm,,9 ALMIRA / 5 RACK,0,
SONA,COPPER FLAT ( 630 mm ) LUG,630mm,E-20,9 ALMIRA / 5 RACK,4,
SONA,ALUMINIUN FLAT ( 240 mm ) LUG,240mm,,9 ALMIRA / 5 RACK,143,
SONA,ALUMINIUN FLAT ( 300 mm ) LUG,300mm,,9 ALMIRA / 5 RACK,34,
SONA,ALUMINIUN FLAT ( 185 mm ) LUG,185mm,,9 ALMIRA / 5 RACK,11,
SONA,ALUMINIUN FLAT ( 50 mm ) LUG,50mm,,9 ALMIRA / 5 RACK,0,
SONA,ALUMINIUN + COPPER 1.5 TO 4.5 PIN TYPE + U TYPE + RING TYPE LUG,1.5 TO 4.5,,9 ALMIRA / 5 RACK,10,
,COPPER PIN ( 16 mm ),16 mm,,9 ALMIRA / 3 RACK,609,
SONA,COPPER RING ( INS ) 2.5 mm,2.5 mm,INS,9 ALMIRA / 3 RACK,86,
SONA,COPPER RING ( 35 mm ),35 mm,E-8,9 ALMIRA / 3 RACK,359,
SONA,COPPER INLINE 70 mm,70 mm,,9 ALMIRA / 3 RACK,91,
SONA,COPPER INLINE 10 mm,10 mm,,9 ALMIRA / 3 RACK,356,
SONA,COPPER RING 95 mm,95mm,,9 ALMIRA / 3 RACK,36,
SONA,ALUMINIUM FLAT 70 mm,70 mm,,9 ALMIRA / 3 RACK,39,
SONA,ALUMINIUM FLAT 50 mm,50 mm,E-10,9 ALMIRA / 3 RACK,463,
SONA,ALUMINIUM FLAT 50 mm,50 mm,E-8,9 ALMIRA / 3 RACK,522,
SONA,ALUMINIUM FLAT 120 mm,120 mm,,9 ALMIRA / 3 RACK,37,
SONA,ALUMINIUM FLAT 70 mm,70 mm,E-10,9 ALMIRA / 3 RACK,648,
,,,,,,
STORE ROOM NO.1,,,,,,
MAKE,MATERIAL DISCRIPTION,TYPE (RATING),SIZE,LOCATION,TOTAL NO,
,SODIOM BULB ( 70W ),70W,,,520,
,SODIOM BULB ( 150W ),150W,,,0,
LEDGEAR,TUBELIGHT 10W / LAMP LED COOL DAY ( 10W ) ,10W,AE TL 08-12W,,598,
LEDURE,RETROFIT LED TUBE  18W,18W,LD/NTPC/M8225128718,,1200,
LEDGEAR,FITTING LIGHT LED  ( 2X18W ),18W,,,623,
,FITTING LIGHT LED  ( 18W ),18W,,,108,
,BATTEN LED ( 20W ),20W,,,0,
,WELL GLASS ( 70W ) ,70W,,,0,
,STREET LIGHT ( 200W ) ,200W,,,14,
,FLAME PROOF HAND LAMP LED 15W ,15W,,,28,
,WELL GLASS ( 35W ) 230V,35W,,,0,
,WELL GLASS ( 35W ) 270V,35W,,,0,
,WELL GLASS ( 35W ) 260V,35W,,,0,
,HIGH-BAY LIGHT LED ( 70W ) ,70W,,,0,
,HIGH-BAY LIGHT LED ( 110 W ) ,110W,,,64,
,HIGH-BAY FITTING LED ( 140W ) ,140W,,,46,
,HIGH-BAY LIGHT LED ( 200W / 100-280V ),200W,,,0,
,FLOOD LED LIGHT ( 200W ) ,200W,,,12,
LEDGEAR ,FIXTURE LED LIGHTING FLAMEPROOF( 120W ) ,120W,,,26,
,FLOOD LED LIGHT ( 110W ) ,110W,,,25,
,FLOOD LIGHT(70W),70W,,,56,
,FLOOD LED ( 140W ),140W,,,49,
,STREET LED LIGHT ( 70W ) ,70W,,,213,
,DC LIGHT ,,,,12,
,TOP LIGHT LED / POST LAMP LED ( 45W ) ,45W,,,50,
,FLOOD LIGHT LED ( 500W ) ,500W,,,4,
,STREET LIGHT ( 40W ) ,40W,,,64,
,IGNITOR,,,,264,
,CAPACITOR ( 42.00 uF ) (400W),400W,,,25,
,CAPACITOR ( 12.50 uF )  (70W),70W,,,630,
,CAPACITOR ( 20 uF )  (150W),150W,,,0,
,CAPACITOR ( 33 uF )  (250W),250W,,,146,
,BALLAST HPSV ( 70W ) ,70W,,,890,
,BALLAST HPSV ( 150W ) ,150W,,,44,
,BALLAST HPSV ( 250W ) ,250W,,,81,
,BALLAST ( 400W ) ,400W,,,48,
,TUBELIGHT ( 28W ) ,28W,,,520,
,TIMER ( JAINSON TIME SWITCH ),,,,205,
,TUBELIGHT ( 14W ) ,14W,,,0,
,THREAD LED ( 12W ),12W,,,100,
,BULKHEAD LED (35W),35W,,,0,
,WALL MOUNTED FAN ,,,,3,
,LAMP LED COOL DAY ( 20W ) 100-300V ,20W,,,0,
,SELING FAN ,,,,20,
,DOL STATER 5HP,,,,,
,CABLE 2.5 mm ( COPPER ) ,2.5MM,,,,
,ALUMINIUN CABLE 2.5 mm ,2.5MM,,,580mtr,
,3 CORE ( 2.5 mm ) CABLE,2.5MM,,,200mtr,
KOLOR,SOCKET ( 6A ),6A,,,460,
KOLOR,SWITCH ( 6A ) ,6A,,,456,
,FLAME PROP JUNCTION BOX(SMALL),,,,80,
,FLAME PROP JUNCTION BOX(BIG),,,,,
,JB 4X4,,,,70,
,EXHAUST FAN + MOTOR SET,,,,4,
,,,,,,
,RC TOP(5 PIN),,,,82,
,RC TOP(3PIN),,,,65,
,HALOGEN LAMPS ( 500W ) ,,,,523,
,EXHAUST FAN(ORIENT),,,,4,
,DOWNLIGHT(18W),,,,22,
,TUBELIGHT LED(20W),,,,0,
,2.5 SQMM 1C ,,,,180M + LOOOSE CABLE IN ALMIRAH,
,EXHAUST FAN 380 MM,,,,4,
,LED BULB 9W PIN TYPE,,,,750,
,HIGH-BAY LIGHT LED ( 190W / 100-280V ),,,,72,
,ARK SHUIT,,,,25,
,FLOOD LIGHT LED (400W),,,,21,
,STREET LIGHT (200W),,,,41,
,ASTRONOMICAL TIMESWITCH,,,,150,
,COPPER WIRE 1.5 MM ,,,,794mtr,
,GANG BOX 6A 4 WAY,,,,230,
BAJAJ,EXHAUST FAN 450MM,,,,10,
TC,CONTACTOR ,580A / K3 / COIL VOLTAGE 110V,LC1FDP580A,,9,
WESTERN CABLEX,STAIGHT THROUGH JOINT-LT CABLE,"3.5C*150 SQMM, AL",,,48,
WESTERN CABLEX,STAIGHT THROUGH JOINT-LT CABLE,"3.5C*240 SQMM, AL",,,20,
PHILIPS,LED STRIP LIGHT ,28W,5mtr,,14,
BAJAJ ,LED LUMINAIRES FALSE CEILING LED LIGHT,36W,BZRSQL 36W GZ,,2,
LEDURE,2/2 FT FALSE CEILING LED LIGHT,30W,LCS-30 16718,,25,
VIKCHEM,CABLE JOINTING KIT ( HEAT SHRINK - STJ JOINT ),185 SQMM,,,49,
,MOTOR STARTER 40HP ( STAR DELTA),80-90A,,,2,
M-CORE,OPTICAL FIBRE,,2000mtr,,1,
,HEATER ROD,,,,2,
AKG,PVC CABLE DUCT ( CASING AND CAPPING ),32*16 MM,,,19,
LHP,INDUCTION MOTOR ,7.5 HP 5.5 KW,7.5CF13255.C.S4,,1,
CG POWER AND INDUSTRIAL SOLUTION LTD,3 PHASE INDUCTION MOTOR ,0.75 HP 0.55 KW,,,2,
LHP,3 PHASE INDUCTION MOTOR ,0.25 HP 0.18 KW,,,1,
,EXHAUST FAN,900MM 1200W,,,1,
SIEMENS,AIR BREAK (POWER) CONTACTOR,205A,,,1,
,LIMIT SWITCH ,500VAC,,,2,
,TRANSFORMER,3KVA/415V,,,1,
,CURRENT TRANSFORMER ,100/1A,,,3,
ENERTEX,LEAD ACID BATTERY ,12V 200Ah,,,1,
EXIDE,LEAD ACID BATTERY,12.55V,CL53,,1,
C&S,DR ROLLER ASSLY FOR AH20D/AHA25N-AH30D/AHA30S,DRRLASSY-20D-30D,,,10,
C&S,DR ROLLER ASSLY FOR AH40D-AHA40S,DRRLASSY-40D,,,3,
C&S,DR ROLLER ASSLY,DRRLASSY-6-16,,,50,
,EXHAUST FAN 200MM,200MM,,,18,
CG,3 PHASE INDUCTION MOTOR,5.5KW 7.5HP,,,1,
CG,3 PHASE INDUCTION MOTOR,0.75KW 1HP,0.75KE6,,2,
LHP,INDUCTION MOTOR ,0.75KW 1HP,CDT0090CO49,,4,
LHP,INDUCTION MOTOR ,0.37KW 0.5HP,,,6,
LHP,INDUCTION MOTOR ,0.18KW 0.25HP,,,4,
CG,INDUCTION MOTOR ,0.25KW 0.33HP,0.25KZ6FFLG,,2,
AUMA,3 PHASE INDUCTION MOTOR,1.1KW,,,2,
AUMA,3 PHASE INDUCTION MOTOR,0.55KW,,,2,
AUMA,3 PHASE INDUCTION MOTOR,0.06KW,,,1,
AUMA,3 PHASE INDUCTION MOTOR,2.2KW,,,2,
AUMA,3 PHASE INDUCTION MOTOR,5KW,,,1,
KIRLOSKAR BROTHERS LTD,1 PUMPSET,1.02HP,GMC-112 50X50 3P,,3,
3M,3.3KV UNEARTH 1C 300 SQ MM INDOOR (JOINT KIT),3MHI_X_AA_3.3U_1C0300,IE310390208,,14,
3M,11KV EARTH 3C 120 SQ MM OUTDOOR (JOINT KIT),3MHO_X_AA_011E_3C0120_U41,IE310304969,,2,
3M,11KV EARTH 1C 150 SQ MM INDOOR (JOINT KIT),3MHO_X_AA_011E_1C0150,IE310317821,,10,
3M,11KV UNEARTH 1C 630 SQ MM INDOOR (JOINT KIT),KM09-09637,,,1,
3M,PLASTIC MOULD 1.1KV EARTHED (JOINT KIT),3MKS_XXAA_1.1E_1C03004C0070L58,,,30,
COMPAQURE,3.3KV 1C 300 SQ MM STRAIGHT THROUGH  (JOINT KIT),CHSJ_13,XLPE-AL,,14,
COMPAQURE,33/36KV 1C 300 SQ MM STRAIGHT THROUGH (JOINT KIT),CHSJ_32,XLPE-AL,,10,
3M,1.1KV EARTH 3C 2.5 SQ MM (JOINT KIT),3MKS_CCAA_1.1E_8C01.57C02.5L58,IE310304662,,44,
3M,1.1KV EARTH 3C 1.5 SQ MM (JOINT KIT),3MKS_CCAA_1.1E_8C01.57C02.5L58,IE310304662,,5,
3M,33KV EARTH 1C 150 SQ MM INDOOR (JOINT KIT),3MHI_X_AA_033E_1C0150_U41,IE310319033,,7,
3M,11KV EARTH 1C 150 SQ MM OUTDOOR (JOINT KIT),3MHO_ABUA_011E,IA310104236,,2,
3M,1.1KV EARTH 1C 120 SQ MM STRAIGHT JOINT,3MHS_XXAA_1.1E,IE310368030,,1,
3M,1.1KV EARTH 3C 25 SQ MM STRAIGHT JOINT,3MHS_XXAA_1.1E,IE310367990,,14,
3M,1.1KV EARTH 2C 120 SQ MM STRAIGHT JOINT,3MHS_XXAA_1.1E,IE310368030,,27,
3M,1.1KV EARTH 1C 150 X 4C 35 SQ MM STRAIGHT JOINT,3MKS_XXAA_1.1E_1C01504C0035L58,IE310301510,,19,
3M,1.1KV EARTH 1C 300 X 4C 70 SQ MM STRAIGHT JOINT,3MKS_XXAA_1.1E_1C03004C0070L58,IE310301536,,17,
3M,1.1KV EARTH 10C 1.5 SQ MM STRAIGHT JOINT,3MKS_CCAA_1.1E_24C1.521C2.5L58,IE310302286,,8,
3M,1.1KV EARTH 12C 1.5 SQ MM STRAIGHT JOINT,3MK_CCAA_1.1E_24C1.521C2_5L58,,,15,
3M,3.3KV EARTH 3C 185 SQ MM STRAIGHT JOINT,,IE310307285,,6,
3M,3.3KV UNEARTH 1C 300 X 1C 300 SQ MM STRAIGHT JOINT,3MHS XXAA 3.3U_1C0300X1C300,IE310372909,,13,
3M,1.1KV 4C 300 X 4C 300 SQ MM STRAIGHT JOINT,3MHS_XXAA_1.1E_4C03004C0300N13/240,IE310394135,,1,
3M,33KV 1C 150 SQ MM STRAIGHT JOINT,MHS X 33KVE 1C 150 AAL,IE310319298,,6,
WESTERN CABLEX ENGINEERING PVT LTD,1.1KV 3C 240 SQ MM STRAIGHT JOINT (PVC / XLPE CABLE),WCLVJ-3-178,,,2,
,,,,,,
,,,,,,
,,,,,,
,,,,,,
,,,,,,
,,,,,,
,,,,,,
,,,,,,
,,,,,,
STORE ROOM NO.2,,,,,,
MAKE,MATERIAL DISCRIPTION,TYPE (RATING),SIZE,LOCATION,TOTAL NO,
PRAGATI ELECTRICALS PVT LTD,CURRENT TRANSFORMER (WINDOW) ,10VA,RATIO 3000/1A,RACK 1/1,1,
PRAGATI ELECTRICALS PVT LTD,CURRENT TRANSFORMER CLASS 5P20,10VA,RATIO 3200/1A,RACK 1/1,4,
PRAGATI ELECTRICALS PVT LTD,CURRENT TRANSFORMER CLASS 1.0,10VA,RATIO 3200/1A,RACK 1/1,5,
C&S,FRP LAMINATED SAFETY SHUTTER ASSEMBLY,AH-20D-25D/30S (AHA) 3P,ASH-2,RACK 1/1,10,
C&S,POSITION INDICATION SWITCH FOR ACB,2000A-4000A,ALBIP-2,RACK 1/2,9,
C&S,CHARGING MOTOR,"110V AC/DC, 220V AC/DC, 250V AC/DC",CS-AMH-1,RACK 1/2,1,
LT,3 POLE CONTACTOR,240V UPTO 415V,MO50,RACK 1/2,4,
GE,UNDER VOLTAGE RELAY,"Vn 220V DC, Vs 176V DC",VAG21ZG8261HCH,RACK 1/2,1,
GE,OVER VOLTAGE RELAY,"Vn 220V DC, Vs 242V DC",VAG11YF8002FCH,RACK 1/2,1,
PRAGATI ELECTRICALS PVT LTD,CURRENT TRANSFORMER (WOUND PRIMARY),10VA,RATIO 25/1A,RACK 1/2,9,
PRAGATI,CONTROL TRANSFORMER,"110/2V, 200VA",T10719-1,RACK 1/2,1,
PRAGATI,VOLTAGE TRANSFORMER,239.6/63.5V,T11827-3,RACK 1/2,1,
EATON,RCCB RESIDUAL CURRENT DEVICE,100A 100MA 4POLE AC TYPE,PFIM-100/4/01,RACK 1/3,10,
EATON,RCCB RESIDUAL CURRENT DEVICE,80A 30MA 4POLE AC TYPE,,RACK 1/3,20,
EATON,RCCB RESIDUAL CURRENT DEVICE,40A 100MA 4POLE 10KA,,RACK 1/3,10,
EATON,RCCB RESIDUAL CURRENT DEVICE,636A 100MA 4POLE 10KA,,RACK 1/3,9,
C&S,SPRING CHARGED INDICATION SWITCH,AH20D-40D/30S-40S (AHA),SCIS-M2,RACK 1/3,15,
DEVCON,PLASTIC STEEL 5 MINUTE PUTTY (SF) RESIN,10240,,RACK 1/3,3,
YSAHIKA,CONTROL TRANSFORMER,"440V-220V, 150VA, 3.9KG",YI130925C074,RACK 1/3,1,
FEDUS,AC ADAPTOR,"12V, 2AMP",FE-12V2AMP,RACK 1/3,1,
C&S,SWITCH DISCONNECTOR FUSE 32A 415V,32A 415V,CSSDF32D3N,RACK 1/4,4,
C&S,AUX ISOLATING CONTACT ASSEMBLY 36 WAY 06-16D,,,RACK 1/4,4,
C&S,CHARGING MOTOR FOR 20D-40D/30S-40S (AHA),"110V AC/DC, 220V AC/DC, 250V AC/DC",CS-AMH-2,RACK 1/4,10,
LT,3POLE CONTACTOR ,110V UPTO 500V,MNX110,RACK 1/4,2,
C&S,SPARE TRIP INDICATION SWITCH FOR BOTH MANUAL AND FAULTR INDICATION IN ACB,20D-25D/25S-30S,CS-TIS-2,RACK 1/5,25,
LHP,INDUCTION MOTOR (0.25BF6355R552),0.18KW 0.25HP,I2T0063B140,RACK 1/5,4,
BENLO,HRC FUSE HOLDER,32A/415V AC 4.75W,FHB-32,RACK 2/1,109,
OSRAM,HALOGEN LAMP,500W 240V,64706 ST 500W 240V R7S,RACK 2/2,384,
HALONIX,HALOGEN LAMP,500W 245V,R7S,RACK 2/2,142,
JYOT,RUBBER INSULATING SEAMLESS GLOVES (WORKING POTENTIAL 17000 VOLTS),385MM,,RACK 2/2,8,
PM CONA,16A SWITCH ( MODULE ),16A,,RACK 2/2,10,
TC,THERMAL OVERLOAD RELAY 200A,125-200A,LR1F200,RACK 2/3,3,
TC,THERMAL OVERLOAD RELAY 105A,65-105A,LR1F105,RACK 2/3,3,
TC,THERMAL OVERLOAD RELAY 160A,100-160A,LR1F160,RACK 2/3,3,
TC,CONTACTOR 225A,225A / K2 / COIL VOLTAGE 110V,LC1FDP225AF5,RACK 2/3,1,
TC,CONTACTOR 500A,500A,LC1FDP500AF7,RACK 2/4,1,
C&S,FUSE HOLDER / NEUTRAL LINK,20A/415V AC 2.7W,CNS20H,RACK 3/1,10,
C&S,FUSE HOLDER / NEUTRAL LINK,20A/415V AC 3W,CNS20HN,RACK 3/1,8,
BENLO,HRC FUSE HOLDER,63A/500V AC 7.75W,FHB-63A,RACK 3/1,100,
BENLO,HRC FUSE HOLDER,20A/415V AC 13W,FHB-20A,RACK 3/1,214,
,CRC 2-26,500ML,,RACK 3/2,23,
C&S,MCCB 250A,250A,CS250NETS250A3P,RACK 3/2,3,
PRATEEK,FLP/WP CONTROL STSTION SERIES OR PUSH BUTTON STATION,10A 415VAC,PB11165/05-25,RACK 3/3,9,
VALQUA,550 RING JOINT GASKET,304L,R-26 OCTAGONAL,RACK 3/3,2,
VALQUA,550 RING JOINT GASKET,SUS 304L,18 OCTAGONAL,RACK 3/3,1,
CG,BRUSH HOLDER ASBG160,"12.5*25, LH, 3CAVITY",378042401,RACK 3/3,8,
CG,CARBON BRUSH,12.5*25-EG8067,684043,RACK 3/3,2,
C&S,SWITCH DISCONNECTOR FUSE 250A 415V,250A,CSSDF250D3,RACK 3/4,2,
C&S,SWITCH DISCONNECTOR FUSE 250A 415V,250A,CSSDF250D3N,RACK 3/4,2,
C&S,SWITCH DISCONNECTOR FUSE 400A 415V,400A,CSSDF400D3N,RACK 3/4,1,
C&S,SWITCH DISCONNECTOR FUSE 160A 415V,160A,CSSDF160D3N,RACK 3/4,2,
ABB,BASIC ELBOW,,K655BLR,RACK 4/1 & 4/2,25,
ABB,METAL ADAPTER,,20MA-L,RACK 4/3,12,
PERMACEL,INSULATION TAPE,6MM*5CM*20M,P708FR,RACK 4/3,3,
PERMACEL,INSULATION TAPE,3MM*2.5CM*20M,P-708,RACK 4/3,3,
C&S,SWITCH DISCONNECTOR FUSE 125A,125A,CSSDF125D3,RACK 4/4,4,
C&S,SWITCH DISCONNECTOR FUSE 250A,250A,CSSDF250D3,RACK 4/4,3,
C&S,SPACE HEATER 60W/240V,60W,,RACK 4/4,2,
C&S,SWITCH DISCONNECTOR FUSE 160A 415V,160A,CSSDF160D3N,RACK 4/4,3,
,O/L RESET PUSH BUTTON CORD,,,RACK 5/2,75,
,DOOR KNOB COMPLETE ASSY,,,RACK 5/2,20,
C&S,FRONT COVER ASSY 6D-16D,FCOVER-6D-16D,,RACK 5/3,10,
ABB,CABLE ADAPTER 600A 15/25KV,600A,,RACK 5/3,14,
ABB,ELASTIC MOULD / ADAPTER METAL TAPE SHIELD ,20MA-J,,RACK 5/3,4,
,ALS 185MM XLPE RING LUG,,,RACK 5/3,3,
SONA,CUS 120MM RING LUG,,,RACK 5/3,2,
,400 MCM STR COMPR LUG,,,RACK 5/3,8,
BHARAT LIMITORQUE,,UEC-3-BASIC,2406AWO,RACK 5/1 & 5/2 & 5/4,10,
,TERMINAL CARD,,,RACK 6/3,15,
LIMITORQUE,POWER SUPPLY CARD FOR UEC-3,,,RACK 6/3,6,
LIMITORQUE,SBC CARD FOR UEC-3,,,RACK 6/3,3,
LIMITORQUE,CONTACTOR ASSY 72A,72A,,RACK 6/4 & 7/1,22,
LIMITORQUE,CONTACTOR ASSY 18A,18A,,RACK 7/2,24,
LIMITORQUE,PUSH BUTTON STATION ASSY,,,RACK 7/3,11,
TC,PILOT LIGHT BLUE,110VAC,,RACK 7/3,129,
TC,PILOT LIGHT GREEN,110VAC,,RACK 7/3,113,
TC,PILOT LIGHT YELLOW,240VAC,,RACK 7/3,75,
TC,PILOT LIGHT ORANGE,240VAC,,RACK 7/3,106,
TC,PILOT LIGHT RED,240VAC,,RACK 7/3,5,
TC,PILOT LIGHT ORANGE,110VAC,,RACK 7/3,2,
TC,OVER LOAD RELAY,30A TO 40A,TA7D4064,RACK 7/4,24,
FAG,BEARING,6213-2Z-L140-C3,,RACK 9/2,9,
SKF,BEARING,6212-2Z,,RACK 9/2,6,
SKF,BEARING,612/C3,,RACK 9/2,5,
SKF,BEARING,6205-2Z/C3,,RACK 9/2,2,
SKF,BEARING,6305-2Z/C3,,RACK 9/2,1,
FAG,BEARING,6305-2Z-L207,,RACK 9/2,1,
FAG,BEARING,6212-C07,,RACK 9/2,1,
FAG,BEARING,6212-2Z-L140,,RACK 9/2,1,
FAG,BEARING,6210-2Z,,RACK 9/2,1,
SKF,BEARING,6209-2Z/C3,,RACK 9/2,11,
FAG,BEARING,6207,,RACK 9/2,10,
SKF,BEARING,6208,,RACK 9/2,5,
SKF,BEARING,6209,,RACK 9/2,5,
FAG,BEARING,6207-2Z-L207,,RACK 9/2,4,
SKF,BEARING,6002-2RS1,,RACK 9/2,5,
SKF,BEARING,6003-2Z,,RACK 9/2,2,
FAG,BEARING,6003-2Z,,RACK 9/2,3,
SKF,BEARING,6201-2Z,,RACK 9/2,7,
NTN,BEARING,6208ZZC3,,RACK 9/2,0,
SKF,BEARING,6203-2Z,,RACK 9/2,1,
FAG,BEARING,6206-2Z-L207,,RACK 9/2,3,
FAG,BEARING,6210-C3,,RACK 9/2,1,
SKF,BEARING,6210-2Z/C3,,RACK 9/2,5,
SKF,BEARING,6205-2Z/C3,,RACK 9/2,6,
SKF,BEARING,6207-2Z/C3,,RACK 9/2,1,
SKF,BEARING,6206-2Z/C3,,RACK 9/2,2,
FAG,BEARING,6004-C-2Z,,RACK 9/2,4,
SKF,BEARING,6003-2RS1,,RACK 9/2,5,
FAG,BEARING,6210-2Z,,RACK 9/2,12,
NBC,BEARING,6206 RSS,,RACK 9/2,11,
FAG,BEARING,6204-C-2Z-C3,,RACK 9/2,9,
FAG,BEARING,6005-2Z-L207,,RACK 9/2,4,
FAG,BEARING,6202-C-2Z,,RACK 9/2,13,
FAG,BEARING,6001-C-2Z,,RACK 9/2,4,
FAG,BEARING,6201-C-2Z,,RACK 9/2,4,
FAG,BEARING,6202-C-2Z-C3,,RACK 9/2,2,
FAG,BEARING,6002-2Z,,RACK 9/2,4,
SKF,BEARING,6211,,RACK 9/2,5,
SKF,BEARING,6215-2Z,,RACK 9/2,1,
FAG,BEARING,6215-2Z-L140,,RACK 9/2,4,
KAY VEE,SYNTHETIC OIL SEAL,20*35*7,,RACK 9/2,4,
SKF,BEARING,6211-2Z/C3,,RACK 9/2,7,
SKF,BEARING,6211-2Z,,RACK 9/2,1,
FAG,BEARING,6211-2Z-L140,,RACK 9/2,4,
FAG,BEARING,6211-Z-C3,,RACK 9/2,5,
FAG,BEARING,6213-C3,,RACK 9/2,4,
SKF,BEARING,6001-2RS1,,RACK 9/2,3,
SUNNY,SYNTHETIC OIL SEAL,25*40*7,,RACK 9/2,2,
SKF,RADIAL SHAFT SEAL,17*30*7,,RACK 9/2,14,
SKF,RADIAL SHAFT SEAL,20*35*7,,RACK 9/2,10,
NTN,BEARING,3306S,,RACK 9/2,1,
SKF,BEARING,NU310ECJ,,RACK 9/2,1,
ZKL,BEARING,7310B,,RACK 9/2,1,
NSK,BEARING,6224C3,,RACK 9/2,1,
FAG,BEARING,6220,,RACK 9/2,1,
NBC,BEARING,6220C3,,RACK 9/2,1,
NTN,BEARING,6220C3,,RACK 9/2,3,
SKF,BEARING,6220/C3,,RACK 9/2,1,
SKF,BEARING,6218/C3,,RACK 9/2,1,
FAG,BEARING,6218-C3,,RACK 9/2,3,
SKF,BEARING,6224/C3,,RACK 9/2,2,
FAG,BEARING,6005 2Z-C07-C3,,RACK 9/2,1,
FAG,BEARING,6005-H-2Z  C3,,RACK 9/2,1,
OVEL,BEARING,N310,,RACK 9/2,1,
FAG,BEARING,6208-2Z-CO7,,RACK 9/2,1,
HMT,BEARING,6208 2RS,,RACK 9/2,10,
NTN,BEARING,6315 C3,,RACK 9/3,10,
FAG,BEARING,6313-2Z-L140-C3,,RACK 9/3,2,
FAG,BEARING,6313-C3,,RACK 9/3,2,
NBC,BEARING,6313,,RACK 9/3,4,
FAG,BEARING,6312-H-SN-C3,,RACK 9/3,1,
SKF,BEARING,6312-2Z,,RACK 9/3,1,
SKF,BEARING,6313-2Z/C3,,RACK 9/3,6,
FAG,BEARING,6312-2Z-L140,,RACK 9/3,1,
FAG,BEARING,6312-2Z-L140-C3,,RACK 9/3,1,
SKF,BEARING,6302-2Z,,RACK 9/3,2,
SKF,BEARING,6311-2Z/C3,,RACK 9/3,4,
NTN,BEARING,6318,,RACK 9/3,1,
NBC,BEARING,6318,,RACK 9/3,2,
SKF,BEARING,6310,,RACK 9/3,3,
FAG,BEARING,6310-2Z,,RACK 9/3,10,
SKF,BEARING,6310-2Z/C3,,RACK 9/3,4,
SKF,BEARING,6309,,RACK 9/3,5,
NBC,BEARING,6308ZZ,,RACK 9/3,14,
NBC,BEARING,6308,,RACK 9/3,1,
FAG,BEARING,6306-2Z,,RACK 9/3,1,
SKF,BEARING,6306-2Z,,RACK 9/3,1,
NBC,BEARING,6306,,RACK 9/3,12,
FAG,BEARING,6319-M-C3,,RACK 9/3,9,
NTN,BEARING,6319,,RACK 9/3,1,
SKF,BEARING,6314,,RACK 9/3,1,
FAG,BEARING,6314-H-SN-C3,,RACK 9/3,1,
FAG,BEARING,6316-C3,,RACK 9/3,1,
FAG,BEARING,6316,,RACK 9/3,1,
NTN,BEARING,6316C3,,RACK 9/3,4,
NTN,BEARING,7322B,,RACK 9/4,4,
TIMKEN,BEARING,6322-C3,,RACK 9/4,7,
NTN,BEARING (SET OF 2),NU313EG1,,RACK 9/4,1,
NSK,BEARING,6319C3,,RACK 9/4,1,
SKF,BEARING,6319/AEM3/C3,,RACK 9/4,2,
FAG,BEARING,6317-C3,,RACK 9/4,1,
SKF,BEARING,6317/C3,,RACK 9/4,1,
NTN,BEARING,6317C3,,RACK 9/4,3,
GE,AUX RELAY MVAPM,110VAC,MVAPM32D1AA2001A,RACK 14/1,2,
SIEMENS,SWITCH DISCONNECTOR FUSE,"20A, 690V, AC-23A",3KL8111-5TA10,RACK 14/1,4,
SIEMENS,SWITCH DISCONNECTOR FUSE,"20A, 690V, AC-23A",3KL8111-5TA10,RACK 14/2,3,
C&S,MCCB,400A 3P,CS400NETS400A3P,RACK 14/2,2,
SIEMENS,SWITCH DISCONNECTOR FUSE,"63A, 690V, AC-23A",3KL8151-5TA10,RACK 14/3,4,
SIEMENS,SWITCH DISCONNECTOR FUSE,"20A, 690V, AC-23A",3KL8111-5TA10,RACK 14/4,4,
SIEMENS,SWITCH DISCONNECTOR FUSE,"20A, 690V, AC-23A",3KL8111-5TA10,RACK 14/5,4,
TC,CONTACTOR,"150A, 220V",LC1FDP150AMD,RACK 12/1,6,
TC,CONTACTOR,"200A, 110V",LC1FDP200AF5,RACK 12/1,2,
TC,CONTACTOR,225A / K2 / COIL VOLTAGE 110V,LC1FDP225AF5,RACK 12/1,1,
TC,CONTACTOR,"115A, 110V",LC1FDP115AF5,RACK 12/1,1,
C&S,AUX ISOLATING CONTACT ASSEMBLY,AIH-BC,,RACK 12/2,4,
LEDGEAR,RCCB/RCD,"32A, 2P, 30mA",,RACK 12/2,25,
LEDGEAR,RCCB/RCD,"40A, 2P, 30mA",,RACK 12/2,25,
LEDGEAR,FP RCCB/ELCB,"32A, 4P, 30mA",,RACK 12/2,25,
LEDGEAR,FP RCCB/ELCB,"40A, 4P, 30mA",,RACK 12/2,10,
LEDGEAR,RCCB/RCD,"25A, 2P, 30mA",,RACK 12/2,14,
LEDGEAR,RCCB/RCD,"6A, 2P, 30mA",,RACK 12/2,24,
SECURE,MULTIFUNCTION TRANSDUCER PT3,PT3643-15F,,RACK 12/3,10,
SECURE,REACTIVE POWER TRANSDUCER PT3,PT3623-157,,RACK 12/3,5,
SECURE,DC ISOLATOR PT1,PT1612-152,,RACK 12/3,3,
TC,F-RANGE COIL,220V,LX4FF220V,RACK 12/3,5,
DOWSIL,RTV SILICONE SEALANT,,,RACK 12/4,30,
C&S,SWITCH DISCONNECTOR FUSE,630A,CSSDF630B3,RACK 12/4,1,
SIEMENS,SWITCH DISCONNECTOR FUSE,"125A, 690V, AC-23A",3KL8221-5TA10,RACK 12/4,1,
PERMACEL,"CELL INSULATOR, RUBBER PAD",10Mtr,KPH92P,RACK 12/5,1,
PERMACEL,INSUL MAT TAPE,5CM*20M,P-229,RACK 12/5,6,
PERMACEL,INSUL MAT TAPE,25MM*10M,P-240,RACK 12/5,4,
PERMACEL,INSUL MAT TAPE,5CM*10M,P240,RACK 12/5,7,
PERMACEL,INSUL MAT TAPE,2.5CM*15M,P571FR,RACK 12/5,2,
,"INSUL MAT, COLOUR TAPE, POLYESTER",,P-256,RACK 12/5,5,
LIMITORQUE,POWER SUPPLY CARD FOR UEC-3,,,RACK 12/5,14,
LIMITORQUE,SBC CARD FOR UEC-3,,,RACK 12/5,7,
SHIVA,AC SUPPLIED ELECTRONIC BALLAST,56W,HF 228P WARM START,RACK 11/1,340,
C&S,"SFU 63A, TPN",63A,CSSDF63D3N,RACK 11/2,1,
TAPARIA 826,SCREW DRIVER,250MM*7MM,,RACK 11/2,4,
SIEMENS,AIR BREAK (POWER) CONTACTOR,"110A, 230V",3TF50 02-0AP0,RACK 11/2,1,
LEDGEAR,RCCB,"10A, 2P, 30mA",,RACK 11/2,25,
LEDGEAR,RCBO,"16A, 2P, 30mA",,RACK 11/2,25,
LEDGEAR,RCBO,"63A, 2P, 30mA",,RACK 11/2,25,
JIGO,RED LED INDICATOR,"AC 220V, 110V,48V,24V,12V AC/DC",AD22-22DS,RACK 11/3,1365,
JIGO,GREEN LED INDICATOR,"AC 220V, 110V,48V,24V,12V AC/DC",AD22-22DS,RACK 11/4,740,
JIGO,YELLOW LED INDICATOR,"AC 220V, 110V,48V,24V,12V AC/DC",AD22-22DS,RACK 11/4,438,
C&S,PLASTIC FRONT COVER (GRAY) D TYPE,FCOVER-25D,,RACK 11/2 & 11/5,9,
SIEMENS,FUSE PULLER FOR LVHRC FUSES,3NX1010,,RACK 10/2,34,
,FUSE PULLER FOR LVHRC FUSES,3NX1011,,RACK 10/2,5,
SIEMENS,GLAND PLATE FOR 3K SZ1/2,3KX8235-4GC,,RACK 10/2,6,
C&S,FUSE HOLDER,"32A, 415V",CHO32R,RACK 10/3,224,
ESSEN,LIMIIT SWITCH,"10A, 600VAC",LS-J105BM29,RACK 10/3,30,
,RGU CHANGE GEARS,S-RGV.082,M9481056582,RACK 10/4,4,
,FOUR TRAIN,480,M9481056029,RACK 10/4,2,
,RGU CHANGE GEARS VERIABLE,S-RGV.098,M9481056597,RACK 10/4,3,
,RGU CHANGE GEAR SA6,S-RGC.015,M9481992195,RACK 10/4,1,
,R-I CONVERTER RWG 2002,K215.546,M9481056179,RACK 10/4,4,
,DECLUTCH TRIPPING ARM SA6,Z220.047,M9481059115,RACK 10/4,3,
,RGU CHANGE GEAR SA6,S-RGC.012,M9481009592,RACK 10/4,1,
,TORQUE SWITCH DRIVE ASSEM,S-TSD.014,M94814160338,RACK 10/4,6,
,TORQUE SWITCH DRIVE ASSEM,S-TSD.013,M9481059515,RACK 10/4,2,
,CIRCLIP KIT FOR SA12-SA15,K200.374,M9481059107,RACK 10/4,2,
,LIMIT SWITCH DRIVE ASSEMB,S-LSD.001,,RACK 10/4,2,
,TORQUE SWITCH DRIVE ASSEM,S-TSD.017,M948105957,RACK 10/4,4,
,TORQUE SWITCH DRIVE ASSEM,S-TSD.018,M9481059689,RACK 10/4,5,
,TORQUE SWITCH DRIVE ASSEM,S-TSD.019,M9481059149,RACK 10/4,2,
,TORQUE SWITCH DRIVE ASSEM,S-TSD.020,M9481059530,RACK 10/4,3,
,RETAINER RING SA25 DIA2,Z220.920,M9481056362,RACK 10/4,23,
,LIIMIT SWITCH DRIVE ASSEMB,S-LSD.003,M9481056138,RACK 10/4,3,
,LIIMIT SWITCH DRIVE ASSEMB,S-LSD.002,M9481050209,RACK 10/4,5,
,WHEEL SA6 Z=33 DIA 62.06X,Z205.746,M9481059127,RACK 10/4,4,
,LIMIT SWITCH DRIVE ASSEMB,S-LSD.015,M9481056598,RACK 10/4,3,
,TORQUE SWITCH DRIVE ASSEM,S-TSD.016,M9481050213,RACK 10/4,2,
,CLUTCH RING SA6 Z=29,Z205.024,M9481416124,RACK 10/4,6,
,CLUTCH KIT FOR SA25-SA60,K200.375,M9481000424,RACK 10/4,10,
,CLUTCH RING SA12 Z=39,Z205.022,M9481416125,RACK 10/4,3,
,SUB ASSLY SHAFT AND PINION WSD DIA,Z220.451,M9481416151,RACK 10/4,47,
,LIMIT SWITCH SA6,,M9481056613,RACK 10/4,20,
,DECLUTCH TRIPPING ARM SA6 DIA (47*25*6),Z220.047,M9481050215,RACK 10/4,47,
,CLUTCH RING SA12 Z=39,Z205.022,M9481056371,RACK 10/4,2,
SIEMENS,SWITCH DISCONNECTOR FUSE,"63A, 690V, AC-23A",3KL8151-5TA10,RACK 13/1,5,
SCHNEIDER,ANGLED PANEL MOUNTED SOCKETS,16A,PKF16F723,RACK 13/2,9,
SCHNEIDER,2P ANGLED PANEL WITH 8MTR 2.5MM 3CORE CABLE,16A,PKF16F723,RACK 13/2,9,
ACCORD,DC VOLTAGE TRANSDUCER,"300VDC, 4-20mA",DVT-08,RACK 13/3,10,
ACCORD,AC VOLTAGE TRANSDUCER,"110VAC, 4-20mA",VT-08,RACK 13/3,8,
ACCORD,AC VOLTAGE TRANSDUCER,"132VAC, 4-20mA",VT-08,RACK 13/3,7,
ACCORD,AC FREQUENCY TRANSDUCER,"220VAC 45-55HZ, 4-20mA",FT-08,RACK 13/3,4,
ACCORD,AC FREQUENCY TRANSDUCER,"110VAC 45-55HZ, 4-20mA",FT-08,RACK 13/3,4,
ACCORD,AC CURRENT TRANSDUCER,"5A, 4-20mA",AT-08,RACK 13/3,5,
ULTIMEG,ANTI-TRACKING VARNISH RED,400ML,2000/372 CLASS H,RACK 13/3,10,
,INSUL MAT TAPE,2.5CM*25M,P-214,RACK 13/3,3,
,INSUL MAT TAPE,25MM*25M,P-298,RACK 13/3,4,
RISH CON,ISOLATING AMPLIFIER TRANSDUCER,"300V, 4-20mA",SI-102,RACK 13/3,2,
,INSUL MAT HT FR SLEEVE,16MM,P985,RACK 13/4,5MTR,
,INSULATION SLEEVE,"10MM, 8KV",,RACK 13/4,5MTR,
,INSULATION SLEEVE,"25MM, 8KV",,RACK 13/4,5MTR,
,INSULATION SLEEVE,"8MM, 8KV",,RACK 13/4,5MTR,
,INSULATION SLEEVE,"6MM, 8KV",,RACK 13/4,5MTR,
,INSUL MAT HT FR SLEEVE,4MM,,RACK 13/4,5MTR,
,HV INSULTAPE,2.5CM*25M,P-303,RACK 13/4,5,
,SELFADHESIVE TAPE,2.5CM*25M,P-291,RACK 13/4,3,
SALZER,9A MINI REVERSING CONTACTOR,110VAC,MC 009,RACK 13/4,10,
TC,MOUNTING KIT,,LA7D3264,RACK 13/4,4,
TC,MOUNTING KIT,,TA7D0964,RACK 13/4,10,
TC,MOUNTING KIT,,LA7D0964,RACK 13/4,14,
ORIENT,EXHAUST ACCESSORIES,380MM,,RACK 13/5,4,
HEX,BRASS CABLE GLAND,35MM,"HDC-1.3/8""",RACK 8/2,12,
HEX,BRASS CABLE GLAND,45MM,"HDC-1.3/4""",RACK 8/2,16,
HEX,BRASS CABLE GLAND,63MM,"HDC-2.1/2""",RACK 8/2,9,
HEX,BRASS CABLE GLAND,28MM,"HDC-1.1/8""",RACK 8/2,15,
HEX,BRASS CABLE GLAND,57MM,"HDC-2.1/4""",RACK 8/2,9,
HEX,BRASS CABLE GLAND,50MM,"HDC-2""",RACK 8/2,16,
HEX,BRASS CABLE GLAND,19MM,"HDC-3/4""",RACK 8/2,30,
HEX,BRASS CABLE GLAND,22MM,"HDC-7/8""",RACK 8/2,10,
DOWELLS,DOUBLE COMPRESSION GLAND ,DBW-06,,RACK 8/2,7,
SWAL,GLAND,16MM,"5/8""",RACK 8/2,2,
SWAL,GLAND,25MM,"1""",RACK 8/2,25,
C&S,GLAND,CBW07,,RACK 8/2,2,
C&S,GLAND,CBW08,,RACK 8/2,2,
DOWELLS,GLAND,32MM,"1.1/4""",RACK 8/2,13,
HMI,GLAND,38MM,"1.1/2""",RACK 8/2,14,
,MOTOR TERMINAL PLATE (TP),,X1980762,RACK 8/2,8,
TAMCO,MOTOR TERMINAL PLATE (TP),,T1-7051,RACK 8/2,16,
,INSULATION TAPE,,,RACK 8/2,2,
,FIBERGLASS INSULATION TAPE,,,RACK 8/2,6,
,GREASE CAP,,,RACK 8/2,6,
RETCOCAB,25 SQ MM 1 CORE WIRE YELLOW,25 SQMM,Y-FRLSH,RACK 8/4 ,100MTR,
RETCOCAB,16 SQ MM 1 CORE WIRE YELLOW,16SQMM,Y-FRLSH,RACK 8/4 ,200MTR,
RETCOCAB,16 SQ MM 1 CORE WIRE RED,16SQMM,Y-FRLSH,RACK 8/4 ,190MTR,
RETCOCAB,25 SQ MM 1 CORE WIRE BLACK,25 SQMM,Y-FRLSH,RACK 8/4 ,100MTR,
RETCOCAB,10 SQ MM 1 CORE WIRE BLACK,10 SQMM,Y-FRLSH,RACK 8/4 ,290MTR,
RETCOCAB,25 SQ MM 1 CORE WIRE RED,25 SQMM,Y-FRLSH,RACK 8/4 ,100MTR,
RETCOCAB,6 SQ MM 1 CORE WIRE BLACK,6 SQMM,Y-FRLSH,RACK 8/4 ,320MTR,
RETCOCAB,4 SQ MM 1 CORE WIRE BLACK,4 SQMM,Y-FRLSH,RACK 8/4 ,1000MTR,
RETCOCAB,4 SQ MM 1 CORE WIRE RED,4 SQMM,Y-FRLSH,RACK 8/4 ,639MTR,
FAG,BEARING,NU230-E-XL-M1-QP,,RACK 10,3,
FAG,BEARING,6230,,RACK 9,6,
FAG,BEARING,6234-M-C3,,RACK 10,2,
FAG,BEARING,NU224-E-XL-M1-QP,,RACK 9,5,
FAG,BEARING,NU228-E-XL-M1-QP,,RACK 9,4,
FAG,BEARING,NU238-E-M1,,RACK 9,5,
,HEAVY DUTY DOUBLE PLY DUPLEX SLING,4MTR*50MM,GREEN 2 TON,RACK 11,17,
AUMA,PUSH BUTTON COVER SUB ASSLY FOR LED-DPAC-2 POLE [W/O KEY CARD],S-PBC.001,,RACK 12,10,
,"POWER MODULE COMPLETE PRIMARY 415V, C(FOR V1.A MODULE)",CV-110V,K215.561,RACK 1&12,15,
ORIENT,SINGLE PHASE EXHAUST FAN MOTOR ,"380MM, 1400RPM",,RACK 12,4,
REIL,R42 SELF STARTER MOTOR,24V,R42,RACK 13,2,
AUTOLEK,SELF STARTER MOTOR,"12V, 2.0KW",STM-1129V,RACK 13,1,
TC,POWER CONTACTOR 185A,185A / K1 / COIL VOLTAGE 110V,LC1FDP185AF5,RACK 1,5,
TC,POWER CONTACTOR 225A,225A / K2 / COIL VOLTAGE 110V,LC1FDP225A F5,RACK 1,2,
,HALLOW DIVE SHAFT ASSEMLY SA25-30,S-HDS.003,,RACK 6,6,
,HALLOW DIVE SHAFT ASSEMLY SA12-15,S-HDS.002,,RACK 6,2,
,BRAKER CHANNEL,,,RACK 4,40,
,BRAKER TERMINAL PLATE TP,,,RACK 4,11,
,BRAKER PANEL HINGE,,,RACK 4,50,
,BRAKER MOUNTING BRACKET,,,RACK 5,56,
,M10 PLAIN WASHER,,,RACK 4,1200,
C&S,LYRA CONTACT,"250A,690V",FGDO-250,RACK 4,45,
RETCOCAB,50 SQMM 1 CORE WIRE BLACK,50SQ MM,,"RACK 14, B/W RACK 13&4",190MTR,
KAYCEE,ROTARY SWITCH (2 POLE 2 WAY WITH OFF),16A,SRP125B/GB,B/W RACK 13&4,7,
,ROTARY SWITCH S/W SEL: 4POS,"63A, 240VA",,B/W RACK 13&4,9,
KAYCEE,ROTARY SWITCH,,BCM323/TB3/LSH1/G,B/W RACK 13&4,2,
KAYCEE,ROTARY SWITCH,16A,SRP125B,B/W RACK 13&4,3,
KAYCEE,ROTARY SWITCH,25A,2MD26B,B/W RACK 13&4,2,
SALZER,ROTARY SWITCH,16A,16A-D16-31010-313-FHBB,B/W RACK 13&4,1,
SALZER,ROTARY SWITCH,16A,16A-S16-61195-B03-TDYR,B/W RACK 13&4,1,
KAYCEE,ROTARY SWITCH,12A,1T26B1/GB,B/W RACK 13&4,6,
RECOM,ROTARY SWITCH,12A,C12X1160,B/W RACK 13&4,3,
RECOM,ROTARY SWITCH,12A,C12PA439AM,B/W RACK 13&4,4,
RECOM,ROTARY SWITCH,12A,C12P339VM,B/W RACK 13&4,7,
KAYCEE,ROTARY SWITCH,10A,5S36C,B/W RACK 13&4,1,
LT,ROTARY SWITCH,25A,25A-D25-31010-B03-FHBB,B/W RACK 13&4,2,
SECURE,AC CURRENT TRANSDUCER,PT1,PT1611-155,RACK 2,45,
SAINT GOBAIN,INSUL MAT PUTSEAL ,5KG,,RACK 3,2,
SALZER,CAM OPERATED ROTARY SWITCH 16A/S16,16A FLUSH MOUNTING110VAC SP ON/OFF SWITCH,61195SCB03TDYR,RACK 10/3,5,
SALZER,CAM OPERATED ROTARY SWITCH 6A/S6,6A SP ON/OFF SWITCH 240VAC BASE MOUNTED TYPE,61195SAB02TDYR,RACK 10/3,5,
SALZER,CAM OPERATED ROTARY SWITCH 32A/S32,32A FLUSH MOUNTING 110V AC SP ON/OFF SWITCH,611955SFB03TDYR,RACK 10/3,5,
SALZER,CAM OPERATED ROTARY SWITCH 16A/D16,16A 220VDC DP BASE MOUNT ROT KNOB ON/OFF SWITCH,61198DCB02FHYRD,RACK 10/3,5,
ASMON,6 SQMM 4CORE CABLE,,,RACK 14,60MTR,
,CONTROL MODULE COMPLETE FOR V1.A MODULE,K215.560,,B/W RACK 5&12,7,
,OIL SEAL KIT FOR SA100 ACTUATOR,K200.372,,B/W RACK 5&12,3,
,LIMIT SWITCH 2NO+2NC 0.75 SQMM,K210.224,,B/W RACK 5&12,3,
,LIMIT SWITCH 2NO+2NC 0.75 SQMM,K210.225,,B/W RACK 5&12,3,
JYOTI,AUXILIARY RELAY + BASE,,RE300 220VDC,RACK 10/2,5,
SALZER,AUXILIARY RELAY,"5A, 24VDC, 240VAC",MKG2P24,RACK 10/2,3,
SALZER,AUXILIARY RELAY,"30A, 24VDC, 240VAC",PRC302P4,RACK 10/2,4,
PLA,AUXILIARY RELAY,110 OHM,MPC-3C-24A-5A-L,RACK 10/2,1,
PLA,AUXILIARY RELAY,4.4K OHM,MPC 3C 110A 6A L V1,RACK 10/2,3,
O/E/N,AUXILIARY RELAY,"115VAC, 2K OHM",1R-3-115,RACK 10/2,5,
SALZER,AUXILIARY RELAY,5A 12VDC,MKG2P12,RACK 10/2,2,
O/E/N,AUXILIARY RELAY,12VDC 150 OHM,2R-2-12,RACK 10/2,1,
O/E/N,AUXILIARY RELAY,24VDC 500 OHM,2R-3-24,RACK 10/2,1,
OMRON,AUXILIARY RELAY,250VAC/28VDC 10A RES,MK2P-N,RACK 10/2,1,
OMRON,AUXILIARY RELAY,"7A 30VDC, 250VAC",MY2N-GS 110/120VAC,RACK 10/2,2,
OMRON,AUXILIARY RELAY,"6A 30VDC, 250VAC",MY4N-GS 110/120VAC,RACK 10/2,2,
MINILAC,VM-VOLTAGE MONITORING RELAY,,S2 VMR3-380-440VAC,RACK 10/2,2,
O/E/N,AUXILIARY RELAY,1150 OHM,58-24-2C,RACK 10/2,10,
JIGO,DIODE,,IN4007S,RACK 10/2,10,
JIGO,DIODE,,IN5408,RACK 10/2,20,
SIEMENS,PLUG-IN RELAY,,3CO 7RQ01000CP00,RACK 10/2,2,
SIEMENS,PLUG-IN RELAY BASE,,7RQ02011CX00,RACK 10/2,2,
SALZER,AUXILIARY RELAY + BASE,5A 110VAC,MKG2P110A,RACK 10/2,2,
,,,,,,
,,,,,,
,,,,,,
,,,,,,
,,,,,,
,,,,,,
,,,,,,
,,,,,,
,,,,,,
,,,,,,
,,,,,,
,,,,,,
,,,,,,
,,,,,,
,,,,,,
,,,,,,
,,,,,,
,,,,,,
,,,,,,
,,,,,,
,,,,,,
,,,,,,
STORE ROOM NO.3,,,,,,
MAKE,MATERIAL DISCRIPTION,TYPE (RATING),SIZE,LOCATION,TOTAL NO,
Simens,DIRECT ONLINE STARTER,3.7KW 5HP,3TW72 91-1AW74,STORE ROOM 3,27,
Simens,DIRECT ONLINE STARTER,2.2KW 3HP,3TW72 91-1AW72,STORE ROOM 3,1,
ABB,FREQUENCY CONVERTER,15KW,ACS355,STORE ROOM 3,1,
ABB,BYPASS CONTACTOR,100-250V,PSBP-370,STORE ROOM 3,2,
ABB,CONTROL BOARD,STYKORT,PSPCB-CB-3,STORE ROOM 3,2,
C&S,MCCB 3P 630A,630A,CS630NETM33630A3PE,STORE ROOM 3,1,
C&S,SWITCH DISCONNECTOR FUSE 250A,415V 50HZ 250A,CSSDF250D3N,STORE ROOM 3,1,
C&S,SWITCH DISCONNECTOR FUSE 400A,415V 50HZ 400A,CSSDF400D3,STORE ROOM 3,1,
C&S,SWITCH DISCONNECTOR FUSE 200A,415V 50HZ 200A,CSSDF200D3,STORE ROOM 3,1,
PRECISE ELECTRICALS,CURRENT TRANSFORMER 4000/1A,7.5VA,CLS-PS 23272797,STORE ROOM 3,1,
PRECISE ELECTRICALS,CURRENT TRANSFORMER 4000/1A,7.5VA,CLS-PS 23272798,STORE ROOM 3,1,
PRECISE ELECTRICALS,CURRENT TRANSFORMER 4000/1A,7.5VA,CLS-PS 23272799,STORE ROOM 3,1,
PRECISE ELECTRICALS,CURRENT TRANSFORMER 4000/1A,7.5VA,CLS-PS 23272802,STORE ROOM 3,3,
PRECISE ELECTRICALS,CURRENT TRANSFORMER 4000/1A,7.5VA,CLS-PS 23272795,STORE ROOM 3,3,
L&T,SWITCH-DISCONNECTOR FUSE,100A TPN UPTO 440V,SK904850000,STORE ROOM 3,1,
,3-POLE POWER CONTACTOR,580A / K3 / COIL VOLTAGE 110V,LC1FDP580A,STORE ROOM 3,3,
TC,CONTACTOR,225A / K2 / COIL VOLTAGE 110V,LC1FDP225A F5,STORE ROOM 3,2,
,SUPPORT INSULATOR,LARGE,943274,STORE ROOM 3,30,
,SUPPORT INSULATOR,MEDIUM,455070,STORE ROOM 3,30,
,SUPPORT INSULATOR + 96 BOLT,SMALL,,STORE ROOM 3,11+96,
C&S,CHANGEOVER SWITCH HANDLE,MEDIUM,,STORE ROOM 3,21,
C&S,CHANGEOVER SWITCH HANDLE,SMALL,CSWH80S6,STORE ROOM 3,49,
C&S,CHANGEOVER SWITCH HANDLE,LARGE,,STORE ROOM 3,1,
,LIMIT SWITCH 2NO+2NC,10A,G2-3202 (CWL S/1 SH/2),STORE ROOM 3,1,
SONA,ALS INLINE,70MM,,STORE ROOM 3,441,
SONA,ALS FLAT,70MM,,STORE ROOM 3,50,
Simens,BIMETAL RELAY WITH SINGLE PHASING PROTECTION,,3AU50 00-1C,STORE ROOM 3,2,
ABB,STRESS CONTROL TUBING,,ABB0000463-JSCR-42/19-160/U,STORE ROOM 3,3,
C&S,HIGH BREAKING CAPACITY FUSE LINK,"100A 500V,30KA",CSDFL00,STORE ROOM 3,3,
C&S,HIGH BREAKING CAPACITY FUSE LINK,200A,CDSFL1,STORE ROOM 3,3,
ACB ACCESSORIES,SHUNT TRIP (AH-06D-16D) & (AHA-06N-20S),220V DC,CS-AVH-S-116MD,STORE ROOM 3,1,
SPEE-O-CONTROLER PVT LTD,THRUSTER,415V 3PH,ST520,STORE ROOM 3,4,
,COLSOING LIMIT ASSY,,SGB20G504,STORE ROOM 3,5,
DOWELL'S,ALS FLAT,185MM,,STORE ROOM 3,800,
SONA,CUS FLAT,185MM,,STORE ROOM 3,185,
SONA,CUS FLAT,120MM,,STORE ROOM 3,400,
L&T,SUBMERSIBLE PUMP CONTROLER,10HP 914A,MU-G6,STORE ROOM 3,4,
SKN KAPIL,AIR BREAK DIRECT-ON-LINE SUBMERSIBLE CONTROL UNIT,"10HP 13-21A, 415V AC",SMC-3,STORE ROOM 3,2,
CROMPTON,DIGITAL CONTROL PANNEL,"5HP, 8A",LKEA2VL195937,STORE ROOM 3,6,
,FAN BORE,25MM,,STORE ROOM 3,10,
,FAN BORE,15*25,GEC,STORE ROOM 3,4,
,FAN BORE,ND180-4P,312087006,STORE ROOM 3,1,
,SOLENOID COIL CRANE 75 TON,190V DC,,STORE ROOM 3,2,
,RED SPRAY PAINT,400ML,,STORE ROOM 3,36,
,DUAL-ROW BARRIER TERMINAL BLOCK,,E0106,STORE ROOM 3,21,
,PERMIC 11 GREEN THINER,5 LTR,P401MV,STORE ROOM 3,1,
TC,CONTACTOR,330A,LC1FDP330A,STORE ROOM 3,1,
L&T,MOULDED CASE CIRCUIT BRAKER MCCB,250A,CM920550000AG,STORE ROOM 3,2,
L&T,MOULDED CASE CIRCUIT BRAKER MCCB,160A,CM920750000AG,STORE ROOM 3,2,
,SWITCH DISCONNECTOR FUSE,125A,CSSDF125D3N,STORE ROOM 3,2,
,SWITCH DISCONNECTOR FUSE,100A,CSSDF100D3,STORE ROOM 3,1,
,CONTACTOR,265A,LC1FDP265A F7,STORE ROOM 3,3,
,CONTACTOR,185A / K1 / COIL VOLTAGE 110V,LC1FDP185A F5,STORE ROOM 3,2,
,CONTACTOR,115A,LC1FDP115A F5,STORE ROOM 3,1,
C&S,MCCB,160A,CSE2S250MTU3P-160A,STORE ROOM 3,4,
,ROTARY GEAR LIMIT SWITCH,"415V,10A",RM-2875,STORE ROOM 3,1,
,SWITCH DISCONNECTOR FUSE,63A,CSSDF63D3N,STORE ROOM 3,5,
,SWITCH DISCONNECTOR FUSE,32A,CSSDF32D3N,STORE ROOM 3,4,
,CONTACTOR,400A,LC1FDP400 F7,STORE ROOM 3,1,
C&S,SHUNT TRIP (AH-20D-40D) & (AHA-25N-40S),220V AC,CS-AVH-S-320MD,STORE ROOM 3,3,
,THERMAL OVERLOAD RELAY,100-160A,LR1F160,STORE ROOM 3,1,
,THERMAL OVERLOAD RELAY,125-200A,LR1F200,STORE ROOM 3,1,
,MI-VOLTMETER,415-110V,,STORE ROOM 3,2,
,CONTACTOR,265A,LC1FDP265AN7,STORE ROOM 3,1,
C&S,MCCB,400A,CS400N,STORE ROOM 3,2,
C&S,MCCB,630A,CS630N,STORE ROOM 3,1,
,SPARE NEUTRAL LINK,,CSSDFZX86,STORE ROOM 3,2,
,52AB,,,STORE ROOM 3,17,
,LIMIT SWITCH R44D,,4S400003,STORE ROOM 3,2,
TORISHIMA,LOCK WASHER COPPER BIG,,,STORE ROOM 3,3,
TORISHIMA,SPRING WASHER RUBBER,,,STORE ROOM 3,28,
TORISHIMA,LIMIT SWITCH 2NO+2NC,0.75A,K210.227,STORE ROOM 3,1,
TORISHIMA,GASKET SMALL,,,STORE ROOM 3,3,
TORISHIMA,LOCK WASHER STEEL BIG,,,STORE ROOM 3,40,
TORISHIMA,LOCK WASHER STEEL SMALL,,,STORE ROOM 3,14,
TORISHIMA,LOCK WASHER COPPER SMALL,,,STORE ROOM 3,12,
TORISHIMA,RING JOINT GASKET R26,,,STORE ROOM 3,2,
TORISHIMA,GASKET BIG,,,STORE ROOM 3,3,
TORISHIMA,HEX HEAD BOLT,,,STORE ROOM 3,66,
TORISHIMA,O-RING,,,STORE ROOM 3,2,
TORISHIMA,SPRING WASHER STEEL,,,STORE ROOM 3,66,
TORISHIMA,RING JOINT GASKET R8,,,STORE ROOM 3,1,
TORISHIMA,SILICA GEL,,,STORE ROOM 3,1,